"Tweet id","Tweet permalink","Tweet text","time","impressions","engagements","engagement rate","retweets","replies","likes","user profile clicks","url clicks","hashtag clicks","detail expands","permalink clicks","app opens","app installs","follows","email tweet","dial phone","media views","media engagements","promoted impressions","promoted engagements","promoted engagement rate","promoted retweets","promoted replies","promoted likes","promoted user profile clicks","promoted url clicks","promoted hashtag clicks","promoted detail expands","promoted permalink clicks","promoted app opens","promoted app installs","promoted follows","promoted email tweet","promoted dial phone","promoted media views","promoted media engagements"
"1110098847508754432","https://twitter.com/doshishauni_inf/status/1110098847508754432","2019-3-25
【本日の学術リポジトリアクセスランキング】
No.3 10アクセス
タイトル: NHK朝の連続テレビ小説『あまちゃん』の久慈市における受容 / 田島, 悠来
URL: https://t.co/u1Ycb6o6bJ","2019-03-25 08:39 +0000","57.0","0.0","0.0","0.0","0.0","0.0","0.0","0.0","0.0","0.0","0.0","0","0","0","0","0","0","0","-","-","-","-","-","-","-","-","-","-","-","-","-","-","-","-","-","-"
"1110098846384709632","https://twitter.com/doshishauni_inf/status/1110098846384709632","2019-3-25
【本日の学術リポジトリアクセスランキング】
No.2 16アクセス
タイトル: 申命記の現代的意義―福音の宣教と関連して― / 平居, 譲
URL: https://t.co/VtJD7ts57s","2019-03-25 08:39 +0000","30.0","0.0","0.0","0.0","0.0","0.0","0.0","0.0","0.0","0.0","0.0","0","0","0","0","0","0","0","-","-","-","-","-","-","-","-","-","-","-","-","-","-","-","-","-","-"
"1110098845315137537","https://twitter.com/doshishauni_inf/status/1110098845315137537","2019-3-25
【本日の学術リポジトリアクセスランキング】
No.1 18アクセス
タイトル: 「ストーリーの社会学」の可能性 : 個人的な経験のナラティブからの出発 / 小林, 多寿子
URL: https://t.co/zRwEZIwYto","2019-03-25 08:39 +0000","40.0","0.0","0.0","0.0","0.0","0.0","0.0","0.0","0.0","0.0","0.0","0","0","0","0","0","0","0","-","-","-","-","-","-","-","-","-","-","-","-","-","-","-","-","-","-"
"1110022365813981187","https://twitter.com/doshishauni_inf/status/1110022365813981187","学位論文紹介【生命医科学研究科】
タイトル: Studies on ruthenium-catalyzed ""Borrowing Hydrogen""-based organic reactions 
著者: Putra, Anggi Eka
発行年月日: 2014-03-22
URL: https://t.co/7mrnqz5LM6","2019-03-25 03:35 +0000","76.0","0.0","0.0","0.0","0.0","0.0","0.0","0.0","0.0","0.0","0.0","0","0","0","0","0","0","0","-","-","-","-","-","-","-","-","-","-","-","-","-","-","-","-","-","-"
"1110022364568252418","https://twitter.com/doshishauni_inf/status/1110022364568252418","学位論文紹介【理工学研究科】
タイトル: Basic characteristics of rankine cycle with functional elements, using supercritical carbon dioxide 
著者: Pumaneratkul, Chayadit
発行年月日: 2018-09-20
URL: https://t.co/ooxQANxpgb","2019-03-25 03:35 +0000","74.0","2.0","0.02702702702702703","0.0","0.0","0.0","1.0","1.0","0.0","0.0","0.0","0","0","0","0","0","0","0","-","-","-","-","-","-","-","-","-","-","-","-","-","-","-","-","-","-"
"1110022363309969409","https://twitter.com/doshishauni_inf/status/1110022363309969409","学位論文紹介【理工学研究科】
タイトル: Study on succinic acid extraction by liquid membranes and aqueous two-phase systems containing ionic liquids 
著者: Pratiwi, Aulia Indah
発行年月日: 2015-03-22
URL: https://t.co/zDc84PpRQM","2019-03-25 03:35 +0000","71.0","2.0","0.028169014084507043","0.0","0.0","0.0","0.0","0.0","0.0","2.0","0.0","0","0","0","0","0","0","0","-","-","-","-","-","-","-","-","-","-","-","-","-","-","-","-","-","-"
"1110022362081067013","https://twitter.com/doshishauni_inf/status/1110022362081067013","学位論文紹介【文学研究科】
タイトル: 原資料から見る初期の日伊外交貿易関係 : ジェノヴァ公の来日を中心に 
著者: Pozzi, Carlo Edoardo
発行年月日: 2018-03-20
URL: https://t.co/Uc4DQFPp7W","2019-03-25 03:35 +0000","67.0","0.0","0.0","0.0","0.0","0.0","0.0","0.0","0.0","0.0","0.0","0","0","0","0","0","0","0","-","-","-","-","-","-","-","-","-","-","-","-","-","-","-","-","-","-"
"1110022360780857345","https://twitter.com/doshishauni_inf/status/1110022360780857345","学位論文紹介【理工学研究科】
タイトル: Study on the effects of green micro/nano fiber addition on mechanical properties of carbon fiber reinforced epoxy composites 
著者: Phong, Nguyen Tien
発行年月日: 2013-03-22
URL: https://t.co/ARs6rG8sfU","2019-03-25 03:35 +0000","69.0","0.0","0.0","0.0","0.0","0.0","0.0","0.0","0.0","0.0","0.0","0","0","0","0","0","0","0","-","-","-","-","-","-","-","-","-","-","-","-","-","-","-","-","-","-"
"1110018276434698240","https://twitter.com/doshishauni_inf/status/1110018276434698240","2019-3-25
2019年度 『Student Handbook』表紙デザイン採用者発表
https://t.co/a1iRotIuRO","2019-03-25 03:19 +0000","53.0","4.0","0.07547169811320754","0.0","0.0","0.0","0.0","3.0","0.0","1.0","0.0","0","0","0","0","0","0","0","-","-","-","-","-","-","-","-","-","-","-","-","-","-","-","-","-","-"
"1110018275243548672","https://twitter.com/doshishauni_inf/status/1110018275243548672","2019-3-25
【学部生対象】グローバル・リベラルアーツ副専攻英語開講科目 「Advanced Seminar 1・2」 志望理由書の配布・出願について
https://t.co/xtMhem7uOn","2019-03-25 03:19 +0000","83.0","0.0","0.0","0.0","0.0","0.0","0.0","0.0","0.0","0.0","0.0","0","0","0","0","0","0","0","-","-","-","-","-","-","-","-","-","-","-","-","-","-","-","-","-","-"
"1110018274115227648","https://twitter.com/doshishauni_inf/status/1110018274115227648","2019-3-25
国際交流イベントの企画、運営しませんか？学生スタッフSIED新メンバー募集！
https://t.co/WQK9QzeExC","2019-03-25 03:19 +0000","56.0","0.0","0.0","0.0","0.0","0.0","0.0","0.0","0.0","0.0","0.0","0","0","0","0","0","0","0","-","-","-","-","-","-","-","-","-","-","-","-","-","-","-","-","-","-"
"1110018272831758337","https://twitter.com/doshishauni_inf/status/1110018272831758337","2019-3-25
【2018年度/2016年度学部生対象】キャンパスライフに関するアンケート調査にご協力下さい。
https://t.co/a1YtGcGT2Q","2019-03-25 03:19 +0000","54.0","1.0","0.018518518518518517","0.0","0.0","0.0","0.0","1.0","0.0","0.0","0.0","0","0","0","0","0","0","0","-","-","-","-","-","-","-","-","-","-","-","-","-","-","-","-","-","-"
"1109968761346416641","https://twitter.com/doshishauni_inf/status/1109968761346416641","【本日開催のイベント】
開催時期:03/25
【3/25  開催】エネルギ―変換研究センター　「海外客員教授講演会」
https://t.co/gAYXW7YodA","2019-03-25 00:02 +0000","73.0","0.0","0.0","0.0","0.0","0.0","0.0","0.0","0.0","0.0","0.0","0","0","0","0","0","0","0","-","-","-","-","-","-","-","-","-","-","-","-","-","-","-","-","-","-"
"1109615584575029249","https://twitter.com/doshishauni_inf/status/1109615584575029249","学位論文紹介【理工学研究科】
タイトル: A study on impedance measurement of small-capacitance circuit using transient waveforms 
著者: Permata, Diah
発行年月日: 2015-03-22
URL: https://t.co/5SpvWdQ3ad","2019-03-24 00:39 +0000","126.0","0.0","0.0","0.0","0.0","0.0","0.0","0.0","0.0","0.0","0.0","0","0","0","0","0","0","0","-","-","-","-","-","-","-","-","-","-","-","-","-","-","-","-","-","-"
"1109615582570110976","https://twitter.com/doshishauni_inf/status/1109615582570110976","学位論文紹介【理工学研究科】
タイトル: Studies in Signal Processing for Robust Speech Recognition in Noisy and Reverberant Environments 
著者: Ota, Kenko
発行年月日: 2008-03-22
URL: https://t.co/2vaYMxpNAD","2019-03-24 00:39 +0000","121.0","0.0","0.0","0.0","0.0","0.0","0.0","0.0","0.0","0.0","0.0","0","0","0","0","0","0","0","-","-","-","-","-","-","-","-","-","-","-","-","-","-","-","-","-","-"
"1109615579931901952","https://twitter.com/doshishauni_inf/status/1109615579931901952","学位論文紹介【理工学研究科】
タイトル: Solvent extraction and liquid membrane containing ionic liquids and deep eutectic solvents for metal separation 
著者: Ola, Pius Dore
発行年月日: 2018-09-20
URL: https://t.co/zVECojMtKx","2019-03-24 00:39 +0000","130.0","0.0","0.0","0.0","0.0","0.0","0.0","0.0","0.0","0.0","0.0","0","0","0","0","0","0","0","-","-","-","-","-","-","-","-","-","-","-","-","-","-","-","-","-","-"
"1109615577696366592","https://twitter.com/doshishauni_inf/status/1109615577696366592","学位論文紹介【脳科学研究科】
タイトル: Using a novel PV-Cre rat model to characterize pallidonigral cells and their terminations 
著者: Oh, Yoon Mi
発行年月日: 2017-03-22
URL: https://t.co/s1cK03BoVU","2019-03-24 00:39 +0000","77.0","0.0","0.0","0.0","0.0","0.0","0.0","0.0","0.0","0.0","0.0","0","0","0","0","0","0","0","-","-","-","-","-","-","-","-","-","-","-","-","-","-","-","-","-","-"
"1109615575032971264","https://twitter.com/doshishauni_inf/status/1109615575032971264","学位論文紹介【総合政策科学研究科】
タイトル: New understandings of disruptive innovation : micro- and macro-level studies 
著者: Montoya, Sebastian Juan
発行年月日: 2018-03-21
URL: https://t.co/n6uLzlL3jr","2019-03-24 00:39 +0000","94.0","1.0","0.010638297872340425","0.0","0.0","0.0","1.0","0.0","0.0","0.0","0.0","0","0","0","0","0","0","0","-","-","-","-","-","-","-","-","-","-","-","-","-","-","-","-","-","-"
"1109583123094790144","https://twitter.com/doshishauni_inf/status/1109583123094790144","【本日開催のイベント】
開催時期:03/23、03/24
大正イマジュリィ学会第9回国際シンポジウム「戦間期東アジアにおける大衆的図像の視覚文化論」が開催されます
https://t.co/LtmZ8grfk4","2019-03-23 22:30 +0000","83.0","1.0","0.012048192771084338","0.0","0.0","0.0","0.0","1.0","0.0","0.0","0.0","0","0","0","0","0","0","0","-","-","-","-","-","-","-","-","-","-","-","-","-","-","-","-","-","-"
"1109583120813031424","https://twitter.com/doshishauni_inf/status/1109583120813031424","【本日開催のイベント】
開催時期:02/26～03/24
第17回ハリス理化学館同志社ギャラリー企画展「考古学は地域に勇気を与える―森浩一の考古学２―」
https://t.co/SGLyi34kr9","2019-03-23 22:30 +0000","82.0","0.0","0.0","0.0","0.0","0.0","0.0","0.0","0.0","0.0","0.0","0","0","0","0","0","0","0","-","-","-","-","-","-","-","-","-","-","-","-","-","-","-","-","-","-"
"1109300712633040897","https://twitter.com/doshishauni_inf/status/1109300712633040897","【本日開催のイベント】
開催時期:03/23、03/24
大正イマジュリィ学会第9回国際シンポジウム「戦間期東アジアにおける大衆的図像の視覚文化論」が開催されます
https://t.co/LtmZ8grfk4","2019-03-23 03:47 +0000","81.0","1.0","0.012345679012345678","0.0","0.0","0.0","0.0","1.0","0.0","0.0","0.0","0","0","0","0","0","0","0","-","-","-","-","-","-","-","-","-","-","-","-","-","-","-","-","-","-"
"1109300710254899200","https://twitter.com/doshishauni_inf/status/1109300710254899200","【本日開催のイベント】
開催時期:02/26～03/24
第17回ハリス理化学館同志社ギャラリー企画展「考古学は地域に勇気を与える―森浩一の考古学２―」
https://t.co/SGLyi34kr9","2019-03-23 03:47 +0000","82.0","0.0","0.0","0.0","0.0","0.0","0.0","0.0","0.0","0.0","0.0","0","0","0","0","0","0","0","-","-","-","-","-","-","-","-","-","-","-","-","-","-","-","-","-","-"
"1109007614208172032","https://twitter.com/doshishauni_inf/status/1109007614208172032","2019-3-22
2018年度\u私費留学生のための「京都市外国人留学生国民健康保険料補助事業」【追加申請】受付開始！
https://t.co/zW07ZAy1ze","2019-03-22 08:23 +0000","137.0","0.0","0.0","0.0","0.0","0.0","0.0","0.0","0.0","0.0","0.0","0","0","0","0","0","0","0","-","-","-","-","-","-","-","-","-","-","-","-","-","-","-","-","-","-"
"1109007610873696256","https://twitter.com/doshishauni_inf/status/1109007610873696256","2019-3-22
【同志社大学 新島塾】 第2次審査（面接審査）選考結果について
https://t.co/TkKb7SSfAo","2019-03-22 08:23 +0000","108.0","0.0","0.0","0.0","0.0","0.0","0.0","0.0","0.0","0.0","0.0","0","0","0","0","0","0","0","-","-","-","-","-","-","-","-","-","-","-","-","-","-","-","-","-","-"
"1109007606972993536","https://twitter.com/doshishauni_inf/status/1109007606972993536","2019-3-22
【KCJS】サマープログラム会話パートナー募集
https://t.co/kmEt36hJpp","2019-03-22 08:23 +0000","52.0","2.0","0.038461538461538464","0.0","0.0","0.0","0.0","2.0","0.0","0.0","0.0","0","0","0","0","0","0","0","-","-","-","-","-","-","-","-","-","-","-","-","-","-","-","-","-","-"
"1109007603718213632","https://twitter.com/doshishauni_inf/status/1109007603718213632","2019-3-22
2018年度 同志社総長賞表彰式の開催のお知らせ
https://t.co/Fty972zssQ","2019-03-22 08:23 +0000","90.0","1.0","0.011111111111111112","0.0","0.0","0.0","0.0","1.0","0.0","0.0","0.0","0","0","0","0","0","0","0","-","-","-","-","-","-","-","-","-","-","-","-","-","-","-","-","-","-"
"1109007600765423616","https://twitter.com/doshishauni_inf/status/1109007600765423616","2019-3-22
【新入生の方へ】今出川校地へ自転車で通学するためには運転マナー講習会の受講が必須です
https://t.co/O04bdz4nh2","2019-03-22 08:23 +0000","62.0","3.0","0.04838709677419355","0.0","0.0","0.0","1.0","2.0","0.0","0.0","0.0","0","0","0","0","0","0","0","-","-","-","-","-","-","-","-","-","-","-","-","-","-","-","-","-","-"
"1108918154082676737","https://twitter.com/doshishauni_inf/status/1108918154082676737","学位論文紹介【グローバル・スタディーズ研究科】
タイトル: Geographical identification method for human insecurity areas: a new conceptualization and approach to human security challenges 
著者: Montiel Welti, Elisa
発行年月日: 2011-03-21
URL: https://t.co/RNLHpZznJy","2019-03-22 02:27 +0000","106.0","0.0","0.0","0.0","0.0","0.0","0.0","0.0","0.0","0.0","0.0","0","0","0","0","0","0","0","-","-","-","-","-","-","-","-","-","-","-","-","-","-","-","-","-","-"
"1108918152312684547","https://twitter.com/doshishauni_inf/status/1108918152312684547","学位論文紹介【生命医科学研究科】
タイトル: Regulation of amyloid-β production : studies of γ-secretase activity on nicastrin glycosylation and tetraspanin-7 
著者: Moniruzzaman, Mohammad
発行年月日: 2018-09-20
URL: https://t.co/cQoLUcyfPG","2019-03-22 02:27 +0000","78.0","1.0","0.01282051282051282","0.0","0.0","0.0","0.0","1.0","0.0","0.0","0.0","0","0","0","0","0","0","0","-","-","-","-","-","-","-","-","-","-","-","-","-","-","-","-","-","-"
"1108918150576238592","https://twitter.com/doshishauni_inf/status/1108918150576238592","学位論文紹介【総合政策科学研究科】
タイトル: Consumer sophistication in technology adoption : a socio-demographic analysis 
著者: Moepswa, Tirelo Modise
発行年月日: 2017-09-14
URL: https://t.co/20qDzzc7F7","2019-03-22 02:27 +0000","84.0","0.0","0.0","0.0","0.0","0.0","0.0","0.0","0.0","0.0","0.0","0","0","0","0","0","0","0","-","-","-","-","-","-","-","-","-","-","-","-","-","-","-","-","-","-"
"1108918148705583104","https://twitter.com/doshishauni_inf/status/1108918148705583104","学位論文紹介【グローバル・スタディーズ研究科】
タイトル: Politicization of religious and cultural identity in Kashmir conflict 1989-2011 : a case study of the Kashmir minority communities of Leh (Ladakh) 
著者: Mathew, Philip
発行年月日: 2013-03-21
URL: https://t.co/PhRWZKYtrX","2019-03-22 02:27 +0000","98.0","0.0","0.0","0.0","0.0","0.0","0.0","0.0","0.0","0.0","0.0","0","0","0","0","0","0","0","-","-","-","-","-","-","-","-","-","-","-","-","-","-","-","-","-","-"
"1108918146910445568","https://twitter.com/doshishauni_inf/status/1108918146910445568","学位論文紹介【生命医科学研究科】
タイトル: Modulation of in vitro osteoclastogenesis by glycated proteins 
著者: Mamun Or Rashid, A N M
発行年月日: 2017-09-20
URL: https://t.co/CAQEU0ffN2","2019-03-22 02:27 +0000","66.0","0.0","0.0","0.0","0.0","0.0","0.0","0.0","0.0","0.0","0.0","0","0","0","0","0","0","0","-","-","-","-","-","-","-","-","-","-","-","-","-","-","-","-","-","-"
"1108866945267322880","https://twitter.com/doshishauni_inf/status/1108866945267322880","【本日開催のイベント】
開催時期:02/26～03/24
第17回ハリス理化学館同志社ギャラリー企画展「考古学は地域に勇気を与える―森浩一の考古学２―」
https://t.co/SGLyi34kr9","2019-03-21 23:04 +0000","54.0","1.0","0.018518518518518517","0.0","0.0","0.0","0.0","1.0","0.0","0.0","0.0","0","0","0","0","0","0","0","-","-","-","-","-","-","-","-","-","-","-","-","-","-","-","-","-","-"
"1108866928779497472","https://twitter.com/doshishauni_inf/status/1108866928779497472","同志社大学映画上映情報: 上映まで26日
《映画／批評月間～フランス映画の現在をめぐって～ in 関西》クレール･ドゥニ特集
場所：寒梅館ハーディーホール
開催年月日：2019/04/17（水）
開催時間：
https://t.co/FUIo9pWGiZ","2019-03-21 23:04 +0000","49.0","0.0","0.0","0.0","0.0","0.0","0.0","0.0","0.0","0.0","0.0","0","0","0","0","0","0","0","-","-","-","-","-","-","-","-","-","-","-","-","-","-","-","-","-","-"
"1108866924014821377","https://twitter.com/doshishauni_inf/status/1108866924014821377","同志社大学映画上映情報: 上映まで34日
『ペンタゴン・ペーパーズ/最高機密文書』
場所：寒梅館ハーディーホール
開催年月日：2019/04/25（木）
開催時間：10:45/14:00/18:30
https://t.co/rEIp8XHKDo","2019-03-21 23:04 +0000","47.0","0.0","0.0","0.0","0.0","0.0","0.0","0.0","0.0","0.0","0.0","0","0","0","0","0","0","0","-","-","-","-","-","-","-","-","-","-","-","-","-","-","-","-","-","-"
"1108866920801951744","https://twitter.com/doshishauni_inf/status/1108866920801951744","同志社大学映画上映情報: 上映まで35日
《リティ･パン監督特集 in 京都》　
場所：寒梅館クローバーホール
開催年月日：2019/04/26（金）
開催時間：18:00開場/18:30開演
https://t.co/G1RND8qwYx","2019-03-21 23:04 +0000","51.0","1.0","0.0196078431372549","0.0","0.0","0.0","0.0","1.0","0.0","0.0","0.0","0","0","0","0","0","0","0","-","-","-","-","-","-","-","-","-","-","-","-","-","-","-","-","-","-"
"1108655232559407104","https://twitter.com/doshishauni_inf/status/1108655232559407104","2019-3-21
【本日の学術リポジトリアクセスランキング】
No.3 8アクセス
タイトル: 西郷菊次郎の来歴に関する再検討 : 横浜・米国・台湾・京都 / 佐野, 静代
URL: https://t.co/4ZMYwNdayS","2019-03-21 09:02 +0000","129.0","4.0","0.031007751937984496","0.0","0.0","1.0","3.0","0.0","0.0","0.0","0.0","0","0","0","0","0","0","0","-","-","-","-","-","-","-","-","-","-","-","-","-","-","-","-","-","-"
"1108655230931984384","https://twitter.com/doshishauni_inf/status/1108655230931984384","2019-3-21
【本日の学術リポジトリアクセスランキング】
No.2 8アクセス
タイトル: 第一次世界大戦以前のドイツにおける自転車の生産と普及 / 西, 圭介
URL: https://t.co/diL6i6VHie","2019-03-21 09:02 +0000","83.0","0.0","0.0","0.0","0.0","0.0","0.0","0.0","0.0","0.0","0.0","0","0","0","0","0","0","0","-","-","-","-","-","-","-","-","-","-","-","-","-","-","-","-","-","-"
"1108655229350797312","https://twitter.com/doshishauni_inf/status/1108655229350797312","2019-3-21
【本日の学術リポジトリアクセスランキング】
No.1 17アクセス
タイトル: 地域社会のソーシャル・キャピタル生成におけるファンサークルのポテンシャルを考察する ―「プラスリラックスアートクラブ」の実践を手掛りに― / 小林, 清実
URL: https://t.co/0GG6zuEDGX","2019-03-21 09:02 +0000","84.0","1.0","0.011904761904761904","0.0","0.0","0.0","1.0","0.0","0.0","0.0","0.0","0","0","0","0","0","0","0","-","-","-","-","-","-","-","-","-","-","-","-","-","-","-","-","-","-"
"1108495527648256000","https://twitter.com/doshishauni_inf/status/1108495527648256000","学位論文紹介【理工学研究科】
タイトル: Conceptual study on the energy independence of fuel cell cogeneration systems using solar energy 
著者: Lamas de Anda, Jorge Eduardo
発行年月日: 2016-09-24
URL: https://t.co/EXzaYme0hi","2019-03-20 22:28 +0000","149.0","0.0","0.0","0.0","0.0","0.0","0.0","0.0","0.0","0.0","0.0","0","0","0","0","0","0","0","-","-","-","-","-","-","-","-","-","-","-","-","-","-","-","-","-","-"
"1108495525563658240","https://twitter.com/doshishauni_inf/status/1108495525563658240","学位論文紹介【理工学研究科】
タイトル: Development of gerdien condenser for atmospheric pressure plasmas 
著者: Lacdan, Ma Camille Corrales
発行年月日: 2017-03-22
URL: https://t.co/lCWnWaz8nT","2019-03-20 22:28 +0000","113.0","0.0","0.0","0.0","0.0","0.0","0.0","0.0","0.0","0.0","0.0","0","0","0","0","0","0","0","-","-","-","-","-","-","-","-","-","-","-","-","-","-","-","-","-","-"
"1108495523449724929","https://twitter.com/doshishauni_inf/status/1108495523449724929","学位論文紹介【理工学研究科】
タイトル: Characterization of gas-liquid two-phase flow regimes using Magnetic fluid: setup, measurements, signal processing and data analysis 
著者: Kuwahara, Takuya
発行年月日: 2008-03-22
URL: https://t.co/tPe5Sl3vHV","2019-03-20 22:28 +0000","132.0","0.0","0.0","0.0","0.0","0.0","0.0","0.0","0.0","0.0","0.0","0","0","0","0","0","0","0","-","-","-","-","-","-","-","-","-","-","-","-","-","-","-","-","-","-"
"1108492227519475712","https://twitter.com/doshishauni_inf/status/1108492227519475712","【本日開催のイベント】
開催時期:03/20～03/21
【卒業式当日】自転車の無料処分会を開催！
https://t.co/2aaSpUM3Fq","2019-03-20 22:15 +0000","468.0","6.0","0.01282051282051282","0.0","0.0","0.0","4.0","2.0","0.0","0.0","0.0","0","0","0","0","0","0","0","-","-","-","-","-","-","-","-","-","-","-","-","-","-","-","-","-","-"
"1108492225661427712","https://twitter.com/doshishauni_inf/status/1108492225661427712","【本日開催のイベント】
開催時期:02/26～03/24
第17回ハリス理化学館同志社ギャラリー企画展「考古学は地域に勇気を与える―森浩一の考古学２―」
https://t.co/SGLyi34kr9","2019-03-20 22:15 +0000","56.0","0.0","0.0","0.0","0.0","0.0","0.0","0.0","0.0","0.0","0.0","0","0","0","0","0","0","0","-","-","-","-","-","-","-","-","-","-","-","-","-","-","-","-","-","-"
"1108492213330173952","https://twitter.com/doshishauni_inf/status/1108492213330173952","同志社大学映画上映情報: 上映まで27日
《映画／批評月間～フランス映画の現在をめぐって～ in 関西》クレール･ドゥニ特集
場所：寒梅館ハーディーホール
開催年月日：2019/04/17（水）
開催時間：
https://t.co/FUIo9pWGiZ","2019-03-20 22:15 +0000","63.0","0.0","0.0","0.0","0.0","0.0","0.0","0.0","0.0","0.0","0.0","0","0","0","0","0","0","0","-","-","-","-","-","-","-","-","-","-","-","-","-","-","-","-","-","-"
"1108492209731432448","https://twitter.com/doshishauni_inf/status/1108492209731432448","同志社大学映画上映情報: 上映まで35日
『ペンタゴン・ペーパーズ/最高機密文書』
場所：寒梅館ハーディーホール
開催年月日：2019/04/25（木）
開催時間：10:45/14:00/18:30
https://t.co/rEIp8XHKDo","2019-03-20 22:15 +0000","89.0","4.0","0.0449438202247191","1.0","0.0","1.0","1.0","1.0","0.0","0.0","0.0","0","0","0","0","0","0","0","-","-","-","-","-","-","-","-","-","-","-","-","-","-","-","-","-","-"
"1108492207554617344","https://twitter.com/doshishauni_inf/status/1108492207554617344","同志社大学映画上映情報: 上映まで36日
《リティ･パン監督特集 in 京都》　
場所：寒梅館クローバーホール
開催年月日：2019/04/26（金）
開催時間：18:00開場/18:30開演
https://t.co/G1RND8qwYx","2019-03-20 22:15 +0000","58.0","1.0","0.017241379310344827","0.0","0.0","0.0","1.0","0.0","0.0","0.0","0.0","0","0","0","0","0","0","0","-","-","-","-","-","-","-","-","-","-","-","-","-","-","-","-","-","-"
"1108298891911270400","https://twitter.com/doshishauni_inf/status/1108298891911270400","2019-3-20
【本日の学術リポジトリアクセスランキング】
No.3 8アクセス
タイトル: 申命記の現代的意義―福音の宣教と関連して― / 平居, 譲
URL: https://t.co/VtJD7ts57s","2019-03-20 09:27 +0000","67.0","0.0","0.0","0.0","0.0","0.0","0.0","0.0","0.0","0.0","0.0","0","0","0","0","0","0","0","-","-","-","-","-","-","-","-","-","-","-","-","-","-","-","-","-","-"
"1108298890673946624","https://twitter.com/doshishauni_inf/status/1108298890673946624","2019-3-20
【本日の学術リポジトリアクセスランキング】
No.2 11アクセス
タイトル: 地域社会のソーシャル・キャピタル生成におけるファンサークルのポテンシャルを考察する ―「プラスリラックスアートクラブ」の実践を手掛りに― / 小林, 清実
URL: https://t.co/0GG6zuEDGX","2019-03-20 09:27 +0000","95.0","0.0","0.0","0.0","0.0","0.0","0.0","0.0","0.0","0.0","0.0","0","0","0","0","0","0","0","-","-","-","-","-","-","-","-","-","-","-","-","-","-","-","-","-","-"
"1108298889528897536","https://twitter.com/doshishauni_inf/status/1108298889528897536","2019-3-20
【本日の学術リポジトリアクセスランキング】
No.1 12アクセス
タイトル: できない,でも(少しは)できるようになりたい : セルフ・コントロールの臨床心理学 / 杉若, 弘子
URL: https://t.co/q5St9QRdqS","2019-03-20 09:27 +0000","131.0","7.0","0.05343511450381679","0.0","0.0","1.0","1.0","5.0","0.0","0.0","0.0","0","0","0","0","0","0","0","-","-","-","-","-","-","-","-","-","-","-","-","-","-","-","-","-","-"
"1108287511422353408","https://twitter.com/doshishauni_inf/status/1108287511422353408","2019-3-20
日本語授業ボランティア2019春学期募集開始！【日本語・日本文化教育センター】
https://t.co/GZnXzVGaA3","2019-03-20 08:41 +0000","88.0","4.0","0.045454545454545456","0.0","0.0","0.0","1.0","1.0","0.0","2.0","0.0","0","0","0","0","0","0","0","-","-","-","-","-","-","-","-","-","-","-","-","-","-","-","-","-","-"
"1108287510294061057","https://twitter.com/doshishauni_inf/status/1108287510294061057","2019-3-20
3月22日の卒業式のバス運行について（京田辺キャンパス）
https://t.co/rDTzlrnDBF","2019-03-20 08:41 +0000","723.0","22.0","0.030428769017980636","0.0","0.0","0.0","5.0","15.0","0.0","2.0","0.0","0","0","0","0","0","0","0","-","-","-","-","-","-","-","-","-","-","-","-","-","-","-","-","-","-"
"1108287509140656129","https://twitter.com/doshishauni_inf/status/1108287509140656129","2019-3-20
IEEE LifeTech 2019において生命医科学研究科の玉井湧太さんが1st  Prize Poster Paper Awardを受賞しました。
https://t.co/5529ileQA9","2019-03-20 08:41 +0000","82.0","1.0","0.012195121951219513","0.0","0.0","0.0","0.0","1.0","0.0","0.0","0.0","0","0","0","0","0","0","0","-","-","-","-","-","-","-","-","-","-","-","-","-","-","-","-","-","-"
"1108287507936894977","https://twitter.com/doshishauni_inf/status/1108287507936894977","2019-3-20
2018年度秋学期末（3/25）の在学生成績通知方法について
https://t.co/Kj8L4y0DXV","2019-03-20 08:41 +0000","1743.0","232.0","0.13310384394721744","0.0","0.0","0.0","32.0","196.0","0.0","4.0","0.0","0","0","0","0","0","0","0","-","-","-","-","-","-","-","-","-","-","-","-","-","-","-","-","-","-"
"1108287506766651392","https://twitter.com/doshishauni_inf/status/1108287506766651392","2019-3-20
今出川校地設置の京都銀行ATMコーナーの営業終了およびゆうちょ銀行ATMコーナーの営業休止について
https://t.co/oGo4VBdwf9","2019-03-20 08:41 +0000","99.0","3.0","0.030303030303030304","0.0","0.0","0.0","1.0","2.0","0.0","0.0","0.0","0","0","0","0","0","0","0","-","-","-","-","-","-","-","-","-","-","-","-","-","-","-","-","-","-"
"1108264056895336448","https://twitter.com/doshishauni_inf/status/1108264056895336448","2019-3-20
【本学学生・教職員対象】デイヴィス記念館地下トレーニングルーム利用講習会（4月開催分）受付について
https://t.co/g1yUGo0b5g","2019-03-20 07:08 +0000","51.0","0.0","0.0","0.0","0.0","0.0","0.0","0.0","0.0","0.0","0.0","0","0","0","0","0","0","0","-","-","-","-","-","-","-","-","-","-","-","-","-","-","-","-","-","-"
"1108190351028678657","https://twitter.com/doshishauni_inf/status/1108190351028678657","学位論文紹介【理工学研究科】
タイトル: Conceptual study on the energy independence of fuel cell cogeneration systems using solar energy 
著者: Lamas de Anda, Jorge Eduardo
発行年月日: 2016-09-24
URL: https://t.co/EXzaYme0hi","2019-03-20 02:15 +0000","171.0","4.0","0.023391812865497075","0.0","0.0","0.0","1.0","1.0","0.0","2.0","0.0","0","0","0","0","0","0","0","-","-","-","-","-","-","-","-","-","-","-","-","-","-","-","-","-","-"
"1108190349707472897","https://twitter.com/doshishauni_inf/status/1108190349707472897","学位論文紹介【理工学研究科】
タイトル: Development of gerdien condenser for atmospheric pressure plasmas 
著者: Lacdan, Ma Camille Corrales
発行年月日: 2017-03-22
URL: https://t.co/lCWnWaz8nT","2019-03-20 02:15 +0000","130.0","0.0","0.0","0.0","0.0","0.0","0.0","0.0","0.0","0.0","0.0","0","0","0","0","0","0","0","-","-","-","-","-","-","-","-","-","-","-","-","-","-","-","-","-","-"
"1108190348436606976","https://twitter.com/doshishauni_inf/status/1108190348436606976","学位論文紹介【理工学研究科】
タイトル: Characterization of gas-liquid two-phase flow regimes using Magnetic fluid: setup, measurements, signal processing and data analysis 
著者: Kuwahara, Takuya
発行年月日: 2008-03-22
URL: https://t.co/tPe5Sl3vHV","2019-03-20 02:15 +0000","140.0","1.0","0.007142857142857143","0.0","0.0","0.0","1.0","0.0","0.0","0.0","0.0","0","0","0","0","0","0","0","-","-","-","-","-","-","-","-","-","-","-","-","-","-","-","-","-","-"
"1108189677163433984","https://twitter.com/doshishauni_inf/status/1108189677163433984","学位論文紹介【グローバル・スタディーズ研究科】
タイトル: Observation of democratic decentralization in Indonesia during 2009-2014 : political dynasty in Banten Province and populism in Jakarta Province 
著者: Hamid, Abdul
発行年月日: 2015-09-26
URL: https://t.co/NtnYoKa7gZ","2019-03-20 02:13 +0000","79.0","0.0","0.0","0.0","0.0","0.0","0.0","0.0","0.0","0.0","0.0","0","0","0","0","0","0","0","-","-","-","-","-","-","-","-","-","-","-","-","-","-","-","-","-","-"
"1108189676047753216","https://twitter.com/doshishauni_inf/status/1108189676047753216","学位論文紹介【文学研究科】
タイトル: 『新古今和歌集』の配列に対する修辞技巧の役割 : 歌枕・体言止め・本歌取りを中心に 
著者: Giordano, Giuseppe
発行年月日: 2013-09-19
URL: https://t.co/jwxuJJlZrf","2019-03-20 02:13 +0000","58.0","0.0","0.0","0.0","0.0","0.0","0.0","0.0","0.0","0.0","0.0","0","0","0","0","0","0","0","-","-","-","-","-","-","-","-","-","-","-","-","-","-","-","-","-","-"
"1108174576071016448","https://twitter.com/doshishauni_inf/status/1108174576071016448","【本日開催のイベント】
開催時期:03/20～03/21
【卒業式当日】自転車の無料処分会を開催！
https://t.co/2aaSpUM3Fq","2019-03-20 01:13 +0000","811.0","27.0","0.03329223181257707","0.0","0.0","2.0","12.0","11.0","0.0","2.0","0.0","0","0","0","0","0","0","0","-","-","-","-","-","-","-","-","-","-","-","-","-","-","-","-","-","-"
"1108174574170988544","https://twitter.com/doshishauni_inf/status/1108174574170988544","【本日開催のイベント】
開催時期:03/20
吉川研一先生 最終講義のご案内
https://t.co/IvnepXIwMK","2019-03-20 01:13 +0000","79.0","1.0","0.012658227848101266","0.0","0.0","0.0","1.0","0.0","0.0","0.0","0.0","0","0","0","0","0","0","0","-","-","-","-","-","-","-","-","-","-","-","-","-","-","-","-","-","-"
"1108174573067886593","https://twitter.com/doshishauni_inf/status/1108174573067886593","【本日開催のイベント】
開催時期:02/26～03/24
第17回ハリス理化学館同志社ギャラリー企画展「考古学は地域に勇気を与える―森浩一の考古学２―」
https://t.co/SGLyi34kr9","2019-03-20 01:13 +0000","53.0","0.0","0.0","0.0","0.0","0.0","0.0","0.0","0.0","0.0","0.0","0","0","0","0","0","0","0","-","-","-","-","-","-","-","-","-","-","-","-","-","-","-","-","-","-"
"1108174563706204160","https://twitter.com/doshishauni_inf/status/1108174563706204160","同志社大学映画上映情報: 上映まで28日
《映画／批評月間～フランス映画の現在をめぐって～ in関西》クレール･ドゥニ特集
場所：寒梅館ハーディーホール
開催年月日：2019/04/17（水）
開催時間：
https://t.co/FUIo9pWGiZ","2019-03-20 01:12 +0000","61.0","0.0","0.0","0.0","0.0","0.0","0.0","0.0","0.0","0.0","0.0","0","0","0","0","0","0","0","-","-","-","-","-","-","-","-","-","-","-","-","-","-","-","-","-","-"
"1108174562502410240","https://twitter.com/doshishauni_inf/status/1108174562502410240","同志社大学映画上映情報: 上映まで36日
『ペンタゴン・ペーパーズ/最高機密文書』
場所：寒梅館ハーディーホール
開催年月日：2019/04/25（木）
開催時間：10:45/14:00/18:30
https://t.co/rEIp8XHKDo","2019-03-20 01:12 +0000","63.0","0.0","0.0","0.0","0.0","0.0","0.0","0.0","0.0","0.0","0.0","0","0","0","0","0","0","0","-","-","-","-","-","-","-","-","-","-","-","-","-","-","-","-","-","-"
"1108174561311260672","https://twitter.com/doshishauni_inf/status/1108174561311260672","同志社大学映画上映情報: 上映まで37日
《リティ･パン監督特集 in 京都》　
場所：寒梅館クローバーホール
開催年月日：2019/04/26（金）
開催時間：18:00開場/18:30開演
https://t.co/G1RND8qwYx","2019-03-20 01:12 +0000","63.0","0.0","0.0","0.0","0.0","0.0","0.0","0.0","0.0","0.0","0.0","0","0","0","0","0","0","0","-","-","-","-","-","-","-","-","-","-","-","-","-","-","-","-","-","-"
"1108002793380433920","https://twitter.com/doshishauni_inf/status/1108002793380433920","2019-3-19
【本日の学術リポジトリアクセスランキング】
No.3 12アクセス
タイトル: 地域社会のソーシャル・キャピタル生成におけるファンサークルのポテンシャルを考察する ―「プラスリラックスアートクラブ」の実践を手掛りに― / 小林, 清実
URL: https://t.co/0GG6zuEDGX","2019-03-19 13:50 +0000","101.0","0.0","0.0","0.0","0.0","0.0","0.0","0.0","0.0","0.0","0.0","0","0","0","0","0","0","0","-","-","-","-","-","-","-","-","-","-","-","-","-","-","-","-","-","-"
"1108002792218648576","https://twitter.com/doshishauni_inf/status/1108002792218648576","2019-3-19
【本日の学術リポジトリアクセスランキング】
No.2 20アクセス
タイトル: 申命記の現代的意義―福音の宣教と関連して― / 平居, 譲
URL: https://t.co/VtJD7ts57s","2019-03-19 13:50 +0000","48.0","0.0","0.0","0.0","0.0","0.0","0.0","0.0","0.0","0.0","0.0","0","0","0","0","0","0","0","-","-","-","-","-","-","-","-","-","-","-","-","-","-","-","-","-","-"
"1108002791010627585","https://twitter.com/doshishauni_inf/status/1108002791010627585","2019-3-19
【本日の学術リポジトリアクセスランキング】
No.1 20アクセス
タイトル: 源氏物語作中和歌の一機能 : 須磨巻「八百よろづの神の歌」をめぐって / 広田, 収
URL: https://t.co/SqujSavg1W","2019-03-19 13:50 +0000","45.0","0.0","0.0","0.0","0.0","0.0","0.0","0.0","0.0","0.0","0.0","0","0","0","0","0","0","0","-","-","-","-","-","-","-","-","-","-","-","-","-","-","-","-","-","-"
"1107913984890437632","https://twitter.com/doshishauni_inf/status/1107913984890437632","学位論文紹介【グローバル・スタディーズ研究科】
タイトル: Observation of democratic decentralization in Indonesia during 2009-2014 : political dynasty in Banten Province and populism in Jakarta Province 
著者: Hamid, Abdul
発行年月日: 2015-09-26
URL: https://t.co/NtnYoKa7gZ","2019-03-19 07:57 +0000","76.0","1.0","0.013157894736842105","0.0","0.0","0.0","1.0","0.0","0.0","0.0","0.0","0","0","0","0","0","0","0","-","-","-","-","-","-","-","-","-","-","-","-","-","-","-","-","-","-"
"1107913983787319296","https://twitter.com/doshishauni_inf/status/1107913983787319296","学位論文紹介【文学研究科】
タイトル: 『新古今和歌集』の配列に対する修辞技巧の役割 : 歌枕・体言止め・本歌取りを中心に 
著者: Giordano, Giuseppe
発行年月日: 2013-09-19
URL: https://t.co/jwxuJJlZrf","2019-03-19 07:57 +0000","65.0","0.0","0.0","0.0","0.0","0.0","0.0","0.0","0.0","0.0","0.0","0","0","0","0","0","0","0","-","-","-","-","-","-","-","-","-","-","-","-","-","-","-","-","-","-"
"1107911444190781442","https://twitter.com/doshishauni_inf/status/1107911444190781442","【本日開催のイベント】
開催時期:02/26～03/24
第17回ハリス理化学館同志社ギャラリー企画展「考古学は地域に勇気を与える―森浩一の考古学２―」
https://t.co/SGLyi34kr9","2019-03-19 07:47 +0000","54.0","0.0","0.0","0.0","0.0","0.0","0.0","0.0","0.0","0.0","0.0","0","0","0","0","0","0","0","-","-","-","-","-","-","-","-","-","-","-","-","-","-","-","-","-","-"
"1107911334585208832","https://twitter.com/doshishauni_inf/status/1107911334585208832","2019-3-19
2019年春「Doshisha “Go Global” Passport」の申請受付開始について
https://t.co/mkUZYXWi8n","2019-03-19 07:47 +0000","58.0","0.0","0.0","0.0","0.0","0.0","0.0","0.0","0.0","0.0","0.0","0","0","0","0","0","0","0","-","-","-","-","-","-","-","-","-","-","-","-","-","-","-","-","-","-"
"1107911333431803904","https://twitter.com/doshishauni_inf/status/1107911333431803904","2019-3-19
「ハーバードサマースクール in 京都」 スタディーパートナー募集
https://t.co/5mXIFmIfpz","2019-03-19 07:47 +0000","50.0","1.0","0.02","0.0","0.0","0.0","0.0","1.0","0.0","0.0","0.0","0","0","0","0","0","0","0","-","-","-","-","-","-","-","-","-","-","-","-","-","-","-","-","-","-"
"1107533429787123712","https://twitter.com/doshishauni_inf/status/1107533429787123712","2019-3-18
キリスト教文化センター オープン・プログラム受講者を募集します！
https://t.co/rHJAn1fl1M","2019-03-18 06:45 +0000","45.0","0.0","0.0","0.0","0.0","0.0","0.0","0.0","0.0","0.0","0.0","0","0","0","0","0","0","0","-","-","-","-","-","-","-","-","-","-","-","-","-","-","-","-","-","-"
"1107533428684001280","https://twitter.com/doshishauni_inf/status/1107533428684001280","2019-3-18
瓜生原葉子准教授が「吉田秀雄賞」を受賞しました
https://t.co/L3viMKMvIk","2019-03-18 06:45 +0000","61.0","2.0","0.03278688524590164","0.0","0.0","0.0","1.0","1.0","0.0","0.0","0.0","0","0","0","0","0","0","0","-","-","-","-","-","-","-","-","-","-","-","-","-","-","-","-","-","-"
"1107533427497041920","https://twitter.com/doshishauni_inf/status/1107533427497041920","2019-3-18
2019年度春学期\uピアサポート制度
https://t.co/F24Tfq0xKW","2019-03-18 06:45 +0000","60.0","1.0","0.016666666666666666","0.0","0.0","0.0","0.0","1.0","0.0","0.0","0.0","0","0","0","0","0","0","0","-","-","-","-","-","-","-","-","-","-","-","-","-","-","-","-","-","-"
"1107533426431655937","https://twitter.com/doshishauni_inf/status/1107533426431655937","2019-3-18
2019年春学期\u留学生ピアサポート制度ピアサポーター募集
https://t.co/MjpfXMorIK","2019-03-18 06:45 +0000","77.0","0.0","0.0","0.0","0.0","0.0","0.0","0.0","0.0","0.0","0.0","0","0","0","0","0","0","0","-","-","-","-","-","-","-","-","-","-","-","-","-","-","-","-","-","-"
"1107533425152425984","https://twitter.com/doshishauni_inf/status/1107533425152425984","2019-3-18
【締切間近！】2019年春学期\u新入留学生サポートサービス ボランティア募集！
https://t.co/0uNJhdTdDN","2019-03-18 06:45 +0000","65.0","0.0","0.0","0.0","0.0","0.0","0.0","0.0","0.0","0.0","0.0","0","0","0","0","0","0","0","-","-","-","-","-","-","-","-","-","-","-","-","-","-","-","-","-","-"
"1107533345020243968","https://twitter.com/doshishauni_inf/status/1107533345020243968","学位論文紹介【グローバル・スタディーズ研究科】
タイトル: Observation of democratic decentralization in Indonesia during 2009-2014 : political dynasty in Banten Province and populism in Jakarta Province 
著者: Hamid, Abdul
発行年月日: 2015-09-26
URL: https://t.co/NtnYoKa7gZ","2019-03-18 06:45 +0000","67.0","0.0","0.0","0.0","0.0","0.0","0.0","0.0","0.0","0.0","0.0","0","0","0","0","0","0","0","-","-","-","-","-","-","-","-","-","-","-","-","-","-","-","-","-","-"
"1107533343887810560","https://twitter.com/doshishauni_inf/status/1107533343887810560","学位論文紹介【文学研究科】
タイトル: 『新古今和歌集』の配列に対する修辞技巧の役割 : 歌枕・体言止め・本歌取りを中心に 
著者: Giordano, Giuseppe
発行年月日: 2013-09-19
URL: https://t.co/jwxuJJlZrf","2019-03-18 06:45 +0000","52.0","0.0","0.0","0.0","0.0","0.0","0.0","0.0","0.0","0.0","0.0","0","0","0","0","0","0","0","-","-","-","-","-","-","-","-","-","-","-","-","-","-","-","-","-","-"
"1107479695216398337","https://twitter.com/doshishauni_inf/status/1107479695216398337","学位論文紹介【生命医科学研究科】
タイトル: Vocal recognition in primate : comparison between Japanese macaques and humans 
著者: Furuyama, Takafumi
発行年月日: 2017-03-22
URL: https://t.co/DszmGtJGTo","2019-03-18 03:11 +0000","59.0","0.0","0.0","0.0","0.0","0.0","0.0","0.0","0.0","0.0","0.0","0","0","0","0","0","0","0","-","-","-","-","-","-","-","-","-","-","-","-","-","-","-","-","-","-"
"1107479693907775488","https://twitter.com/doshishauni_inf/status/1107479693907775488","学位論文紹介【理工学研究科】
タイトル: Numerical modelling of die filling and compaction in pharmaceutical tableting process 
著者: Furukawa, Ryoichi
発行年月日: 2017-03-22
URL: https://t.co/GtfcXffSGY","2019-03-18 03:11 +0000","138.0","2.0","0.014492753623188406","0.0","0.0","0.0","0.0","0.0","0.0","2.0","0.0","0","0","0","0","0","0","0","-","-","-","-","-","-","-","-","-","-","-","-","-","-","-","-","-","-"
"1107479692615909376","https://twitter.com/doshishauni_inf/status/1107479692615909376","学位論文紹介【脳科学研究科】
タイトル: Critical role of Ca2+ current facilitation in the short-term facilitation of Purkinje cell-Purkinje cell synapses 
著者: Díaz-Rojas, Françoise
発行年月日: 2016-03-22
URL: https://t.co/avWGHwoVGA","2019-03-18 03:11 +0000","64.0","2.0","0.03125","0.0","0.0","0.0","2.0","0.0","0.0","0.0","0.0","0","0","0","0","0","0","0","-","-","-","-","-","-","-","-","-","-","-","-","-","-","-","-","-","-"
"1107479691487637504","https://twitter.com/doshishauni_inf/status/1107479691487637504","学位論文紹介【理工学研究科】
タイトル: Development of green composites based on bamboo fibers 
著者: Duc, Vu Minh
発行年月日: 2008-03-22
URL: https://t.co/KI4mHoFe7s","2019-03-18 03:11 +0000","129.0","0.0","0.0","0.0","0.0","0.0","0.0","0.0","0.0","0.0","0.0","0","0","0","0","0","0","0","-","-","-","-","-","-","-","-","-","-","-","-","-","-","-","-","-","-"
"1107479690296479744","https://twitter.com/doshishauni_inf/status/1107479690296479744","学位論文紹介【社会学研究科】
タイトル: The sociology of people with special needs in times of disaster(PSND): assessing the special needs of PSND using person-in-environment model of vulnerability 
著者: Comafay, Nicolle
発行年月日: 2011-09-20
URL: https://t.co/zS7HCOZk7E","2019-03-18 03:11 +0000","86.0","0.0","0.0","0.0","0.0","0.0","0.0","0.0","0.0","0.0","0.0","0","0","0","0","0","0","0","-","-","-","-","-","-","-","-","-","-","-","-","-","-","-","-","-","-"
"1107432908967469056","https://twitter.com/doshishauni_inf/status/1107432908967469056","【本日開催のイベント】
開催時期:03/18
ITEC / RISTEM Joint Seminar「Developing manufacturing engineers for the ‘4th industrial revolution’ and beyond」
https://t.co/oidnhv79CA","2019-03-18 00:05 +0000","45.0","0.0","0.0","0.0","0.0","0.0","0.0","0.0","0.0","0.0","0.0","0","0","0","0","0","0","0","-","-","-","-","-","-","-","-","-","-","-","-","-","-","-","-","-","-"
"1107432907910447105","https://twitter.com/doshishauni_inf/status/1107432907910447105","【本日開催のイベント】
開催時期:02/26～03/24
第17回ハリス理化学館同志社ギャラリー企画展「考古学は地域に勇気を与える―森浩一の考古学２―」
https://t.co/SGLyi34kr9","2019-03-18 00:05 +0000","58.0","1.0","0.017241379310344827","0.0","0.0","0.0","0.0","1.0","0.0","0.0","0.0","0","0","0","0","0","0","0","-","-","-","-","-","-","-","-","-","-","-","-","-","-","-","-","-","-"
"1107432898150301696","https://twitter.com/doshishauni_inf/status/1107432898150301696","同志社大学映画上映情報: 上映まで30日
《映画／批評月間～フランス映画の現在をめぐって～》クレール･ドゥニ特集
場所：寒梅館ハーディーホール
開催年月日：2019/04/17（水）
開催時間：
https://t.co/FUIo9pWGiZ","2019-03-18 00:05 +0000","60.0","1.0","0.016666666666666666","0.0","0.0","0.0","0.0","1.0","0.0","0.0","0.0","0","0","0","0","0","0","0","-","-","-","-","-","-","-","-","-","-","-","-","-","-","-","-","-","-"
"1107215137931296773","https://twitter.com/doshishauni_inf/status/1107215137931296773","学位論文紹介【文化情報学研究科】
タイトル: A study of refusal expressions in Asian languages : a comparison of occurrences in semantic formulas and levels of closeness 
著者: Candy
発行年月日: 2018-03-22
URL: https://t.co/yFON0c16aZ","2019-03-17 09:40 +0000","132.0","1.0","0.007575757575757576","0.0","0.0","0.0","1.0","0.0","0.0","0.0","0.0","0","0","0","0","0","0","0","-","-","-","-","-","-","-","-","-","-","-","-","-","-","-","-","-","-"
"1107215136723369984","https://twitter.com/doshishauni_inf/status/1107215136723369984","学位論文紹介【グローバル・スタディーズ研究科】
タイトル: A cautionary tale: neoliberal discourse and the pedagogic function of the mediated Lost Japan narrative during the financial crisis 
著者: Bonnah, Theodore
発行年月日: 2016-03-21
URL: https://t.co/WKEfGoGSHp","2019-03-17 09:40 +0000","64.0","0.0","0.0","0.0","0.0","0.0","0.0","0.0","0.0","0.0","0.0","0","0","0","0","0","0","0","-","-","-","-","-","-","-","-","-","-","-","-","-","-","-","-","-","-"
"1107215135569936384","https://twitter.com/doshishauni_inf/status/1107215135569936384","学位論文紹介【総合政策科学研究科】
タイトル: Assessment of feed in tariff policy impacts for promoting wind and solar energy development in Japan 
著者: Al-Yaquob, Amin Hilal Ali
発行年月日: 2016-03-21
URL: https://t.co/4ATTfjyfDo","2019-03-17 09:40 +0000","103.0","0.0","0.0","0.0","0.0","0.0","0.0","0.0","0.0","0.0","0.0","0","0","0","0","0","0","0","-","-","-","-","-","-","-","-","-","-","-","-","-","-","-","-","-","-"
"1107215134424891392","https://twitter.com/doshishauni_inf/status/1107215134424891392","学位論文紹介【グローバル・スタディーズ研究科】
タイトル: Navigating the soul of the Mavi Marmara : Muslim civil society in Turkey and its transnational role in Palestine 
著者: Abu-Hajiar, Iyas Salim
発行年月日: 2015-03-21
URL: https://t.co/y6qSCDG2XU","2019-03-17 09:40 +0000","67.0","0.0","0.0","0.0","0.0","0.0","0.0","0.0","0.0","0.0","0.0","0","0","0","0","0","0","0","-","-","-","-","-","-","-","-","-","-","-","-","-","-","-","-","-","-"
"1107215133317591040","https://twitter.com/doshishauni_inf/status/1107215133317591040","学位論文紹介【文化情報学研究科】
タイトル: Extensions of nonnegative matrix factorization for exploratory data analysis 
著者: Abe, Hiroyasu
発行年月日: 2017-03-22
URL: https://t.co/7phXjl94Ba","2019-03-17 09:40 +0000","107.0","2.0","0.018691588785046728","0.0","0.0","0.0","1.0","1.0","0.0","0.0","0.0","0","0","0","0","0","0","0","-","-","-","-","-","-","-","-","-","-","-","-","-","-","-","-","-","-"
"1107199155791749120","https://twitter.com/doshishauni_inf/status/1107199155791749120","2019-3-17
【本日の学術リポジトリアクセスランキング】
No.3 10アクセス
タイトル: 靴と裸足による50m走 ― タイム, 走速度, 脚 (大転子点と足関節を結んだ線)の接地直前の最大振り下ろし速度の観点から ― / 田附, 俊一
URL: https://t.co/OlNSq2p8cQ","2019-03-17 08:37 +0000","128.0","0.0","0.0","0.0","0.0","0.0","0.0","0.0","0.0","0.0","0.0","0","0","0","0","0","0","0","-","-","-","-","-","-","-","-","-","-","-","-","-","-","-","-","-","-"
"1107199154629931009","https://twitter.com/doshishauni_inf/status/1107199154629931009","2019-3-17
【本日の学術リポジトリアクセスランキング】
No.2 10アクセス
タイトル: 西郷菊次郎の来歴に関する再検討 : 横浜・米国・台湾・京都 / 佐野, 静代
URL: https://t.co/4ZMYwNdayS","2019-03-17 08:37 +0000","99.0","1.0","0.010101010101010102","0.0","0.0","0.0","1.0","0.0","0.0","0.0","0.0","0","0","0","0","0","0","0","-","-","-","-","-","-","-","-","-","-","-","-","-","-","-","-","-","-"
"1107199153078038529","https://twitter.com/doshishauni_inf/status/1107199153078038529","2019-3-17
【本日の学術リポジトリアクセスランキング】
No.1 13アクセス
タイトル: 地域社会のソーシャル・キャピタル生成におけるファンサークルのポテンシャルを考察する ―「プラスリラックスアートクラブ」の実践を手掛りに― / 小林, 清実
URL: https://t.co/0GG6zuEDGX","2019-03-17 08:37 +0000","72.0","0.0","0.0","0.0","0.0","0.0","0.0","0.0","0.0","0.0","0.0","0","0","0","0","0","0","0","-","-","-","-","-","-","-","-","-","-","-","-","-","-","-","-","-","-"
"1107198883820494849","https://twitter.com/doshishauni_inf/status/1107198883820494849","【本日開催のイベント】
開催時期:02/26～03/24
第17回ハリス理化学館同志社ギャラリー企画展「考古学は地域に勇気を与える―森浩一の考古学２―」
https://t.co/SGLyi34kr9","2019-03-17 08:35 +0000","49.0","0.0","0.0","0.0","0.0","0.0","0.0","0.0","0.0","0.0","0.0","0","0","0","0","0","0","0","-","-","-","-","-","-","-","-","-","-","-","-","-","-","-","-","-","-"
"1106839000285732864","https://twitter.com/doshishauni_inf/status/1106839000285732864","2019-3-16
【本日の学術リポジトリアクセスランキング】
No.3 9アクセス
タイトル: 谷崎潤一郎『蓼喰ふ蟲』におけるオリエンタリズム : 「日本回帰」を再考して / ケズナジャット, グレゴリー
URL: https://t.co/h9a6kKBBMw","2019-03-16 08:45 +0000","80.0","0.0","0.0","0.0","0.0","0.0","0.0","0.0","0.0","0.0","0.0","0","0","0","0","0","0","0","-","-","-","-","-","-","-","-","-","-","-","-","-","-","-","-","-","-"
"1106838999103004673","https://twitter.com/doshishauni_inf/status/1106838999103004673","2019-3-16
【本日の学術リポジトリアクセスランキング】
No.2 9アクセス
タイトル: 「賃金構造基本統計調査」1989-2009年の概観 / 川口, 章
URL: https://t.co/nny0GgENrR","2019-03-16 08:45 +0000","63.0","0.0","0.0","0.0","0.0","0.0","0.0","0.0","0.0","0.0","0.0","0","0","0","0","0","0","0","-","-","-","-","-","-","-","-","-","-","-","-","-","-","-","-","-","-"
"1106838997895008256","https://twitter.com/doshishauni_inf/status/1106838997895008256","2019-3-16
【本日の学術リポジトリアクセスランキング】
No.1 22アクセス
タイトル: 地域社会のソーシャル・キャピタル生成におけるファンサークルのポテンシャルを考察する ―「プラスリラックスアートクラブ」の実践を手掛りに― / 小林, 清実
URL: https://t.co/0GG6zuEDGX","2019-03-16 08:45 +0000","120.0","2.0","0.016666666666666666","0.0","0.0","1.0","1.0","0.0","0.0","0.0","0.0","0","0","0","0","0","0","0","-","-","-","-","-","-","-","-","-","-","-","-","-","-","-","-","-","-"
"1106802694079995905","https://twitter.com/doshishauni_inf/status/1106802694079995905","2019-03-16
【ITサポートオフィス 情報教育環境ナビゲーション】
各種申請書・マニュアル一覧
URL: https://t.co/34RGIHFElO","2019-03-16 06:21 +0000","67.0","0.0","0.0","0.0","0.0","0.0","0.0","0.0","0.0","0.0","0.0","0","0","0","0","0","0","0","-","-","-","-","-","-","-","-","-","-","-","-","-","-","-","-","-","-"
"1106802632050393088","https://twitter.com/doshishauni_inf/status/1106802632050393088","2019-03-16
【ITサポートオフィス 情報教育環境ナビゲーション】
VPN接続マニュアル
URL: https://t.co/Xnd3BzP9xX","2019-03-16 06:21 +0000","78.0","0.0","0.0","0.0","0.0","0.0","0.0","0.0","0.0","0.0","0.0","0","0","0","0","0","0","0","-","-","-","-","-","-","-","-","-","-","-","-","-","-","-","-","-","-"
"1106802575234363392","https://twitter.com/doshishauni_inf/status/1106802575234363392","2019-03-16
【ITサポートオフィス 情報教育環境ナビゲーション】
eduroam接続マニュアル
URL: https://t.co/YgyavsyKTY","2019-03-16 06:21 +0000","98.0","0.0","0.0","0.0","0.0","0.0","0.0","0.0","0.0","0.0","0.0","0","0","0","0","0","0","0","-","-","-","-","-","-","-","-","-","-","-","-","-","-","-","-","-","-"
"1106802483127451649","https://twitter.com/doshishauni_inf/status/1106802483127451649","2019-03-16
【ITサポートオフィス 情報教育環境ナビゲーション】
DoKoDeMoプリント利用マニュアル
URL: https://t.co/Qjx6sYBibS","2019-03-16 06:20 +0000","69.0","0.0","0.0","0.0","0.0","0.0","0.0","0.0","0.0","0.0","0.0","0","0","0","0","0","0","0","-","-","-","-","-","-","-","-","-","-","-","-","-","-","-","-","-","-"
"1106802420531617792","https://twitter.com/doshishauni_inf/status/1106802420531617792","2019-03-16
【ITサポートオフィス 情報教育環境ナビゲーション】
DoKoDeMoPCマニュアル
URL: https://t.co/HA3ACmjacY","2019-03-16 06:20 +0000","70.0","0.0","0.0","0.0","0.0","0.0","0.0","0.0","0.0","0.0","0.0","0","0","0","0","0","0","0","-","-","-","-","-","-","-","-","-","-","-","-","-","-","-","-","-","-"
"1106802321881616384","https://twitter.com/doshishauni_inf/status/1106802321881616384","2019-03-16
【ITサポートオフィス 情報教育環境ナビゲーション】
仮想PC接続サービスマニュアル
URL: https://t.co/Fy5czt1L63","2019-03-16 06:20 +0000","106.0","0.0","0.0","0.0","0.0","0.0","0.0","0.0","0.0","0.0","0.0","0","0","0","0","0","0","0","-","-","-","-","-","-","-","-","-","-","-","-","-","-","-","-","-","-"
"1106802058454134784","https://twitter.com/doshishauni_inf/status/1106802058454134784","2019-03-16
【ITサポートオフィス 情報教育環境ナビゲーション】
Office 365
URL: https://t.co/GE610oDUdv","2019-03-16 06:19 +0000","87.0","0.0","0.0","0.0","0.0","0.0","0.0","0.0","0.0","0.0","0.0","0","0","0","0","0","0","0","-","-","-","-","-","-","-","-","-","-","-","-","-","-","-","-","-","-"
"1106801678257315841","https://twitter.com/doshishauni_inf/status/1106801678257315841","2019-03-16
【ITサポートオフィス 情報教育環境ナビゲーション】
学内LAN接続マニュアル
URL: https://t.co/affpKBwC55","2019-03-16 06:17 +0000","65.0","0.0","0.0","0.0","0.0","0.0","0.0","0.0","0.0","0.0","0.0","0","0","0","0","0","0","0","-","-","-","-","-","-","-","-","-","-","-","-","-","-","-","-","-","-"
"1106740773632925697","https://twitter.com/doshishauni_inf/status/1106740773632925697","学位論文紹介【文化情報学研究科】
タイトル: A study of refusal expressions in Asian languages : a comparison of occurrences in semantic formulas and levels of closeness 
著者: Candy
発行年月日: 2018-03-22
URL: https://t.co/yFON0c16aZ","2019-03-16 02:15 +0000","181.0","1.0","0.0055248618784530384","0.0","0.0","0.0","0.0","1.0","0.0","0.0","0.0","0","0","0","0","0","0","0","-","-","-","-","-","-","-","-","-","-","-","-","-","-","-","-","-","-"
"1106740772341080065","https://twitter.com/doshishauni_inf/status/1106740772341080065","学位論文紹介【グローバル・スタディーズ研究科】
タイトル: A cautionary tale: neoliberal discourse and the pedagogic function of the mediated Lost Japan narrative during the financial crisis 
著者: Bonnah, Theodore
発行年月日: 2016-03-21
URL: https://t.co/WKEfGoGSHp","2019-03-16 02:15 +0000","87.0","0.0","0.0","0.0","0.0","0.0","0.0","0.0","0.0","0.0","0.0","0","0","0","0","0","0","0","-","-","-","-","-","-","-","-","-","-","-","-","-","-","-","-","-","-"
"1106740771145695234","https://twitter.com/doshishauni_inf/status/1106740771145695234","学位論文紹介【総合政策科学研究科】
タイトル: Assessment of feed in tariff policy impacts for promoting wind and solar energy development in Japan 
著者: Al-Yaquob, Amin Hilal Ali
発行年月日: 2016-03-21
URL: https://t.co/4ATTfjyfDo","2019-03-16 02:15 +0000","140.0","0.0","0.0","0.0","0.0","0.0","0.0","0.0","0.0","0.0","0.0","0","0","0","0","0","0","0","-","-","-","-","-","-","-","-","-","-","-","-","-","-","-","-","-","-"
"1106740769958707200","https://twitter.com/doshishauni_inf/status/1106740769958707200","学位論文紹介【グローバル・スタディーズ研究科】
タイトル: Navigating the soul of the Mavi Marmara : Muslim civil society in Turkey and its transnational role in Palestine 
著者: Abu-Hajiar, Iyas Salim
発行年月日: 2015-03-21
URL: https://t.co/y6qSCDG2XU","2019-03-16 02:15 +0000","99.0","0.0","0.0","0.0","0.0","0.0","0.0","0.0","0.0","0.0","0.0","0","0","0","0","0","0","0","-","-","-","-","-","-","-","-","-","-","-","-","-","-","-","-","-","-"
"1106740768792698882","https://twitter.com/doshishauni_inf/status/1106740768792698882","学位論文紹介【文化情報学研究科】
タイトル: Extensions of nonnegative matrix factorization for exploratory data analysis 
著者: Abe, Hiroyasu
発行年月日: 2017-03-22
URL: https://t.co/7phXjl94Ba","2019-03-16 02:15 +0000","268.0","20.0","0.07462686567164178","1.0","0.0","1.0","10.0","6.0","0.0","2.0","0.0","0","0","0","0","0","0","0","-","-","-","-","-","-","-","-","-","-","-","-","-","-","-","-","-","-"
"1106734675257511936","https://twitter.com/doshishauni_inf/status/1106734675257511936","【学位論文紹介】73
タイトル: 文化情報学研究科 
著者: A study of refusal expressions in Asian languages : a comparison of occurrences in semantic formulas and levels of closeness
発行年月日: Candy
URL: 博士(文化情報学)","2019-03-16 01:51 +0000","127.0","0.0","0.0","0.0","0.0","0.0","0.0","0.0","0.0","0.0","0.0","0","0","0","0","0","0","0","-","-","-","-","-","-","-","-","-","-","-","-","-","-","-","-","-","-"
"1106734673999196160","https://twitter.com/doshishauni_inf/status/1106734673999196160","【学位論文紹介】17
タイトル: グローバル・スタディーズ研究科 
著者: A cautionary tale: neoliberal discourse and the pedagogic function of the mediated Lost Japan narrative during the financial crisis
発行年月日: Bonnah, Theodore
URL: 博士(グローバル社会研究)","2019-03-16 01:51 +0000","90.0","0.0","0.0","0.0","0.0","0.0","0.0","0.0","0.0","0.0","0.0","0","0","0","0","0","0","0","-","-","-","-","-","-","-","-","-","-","-","-","-","-","-","-","-","-"
"1106734672778653696","https://twitter.com/doshishauni_inf/status/1106734672778653696","【学位論文紹介】572
タイトル: 総合政策科学研究科 
著者: Assessment of feed in tariff policy impacts for promoting wind and solar energy development in Japan
発行年月日: Al-Yaquob, Amin Hilal Ali
URL: 博士(技術・革新的経営)","2019-03-16 01:51 +0000","105.0","0.0","0.0","0.0","0.0","0.0","0.0","0.0","0.0","0.0","0.0","0","0","0","0","0","0","0","-","-","-","-","-","-","-","-","-","-","-","-","-","-","-","-","-","-"
"1106734671608446977","https://twitter.com/doshishauni_inf/status/1106734671608446977","【学位論文紹介】21
タイトル: グローバル・スタディーズ研究科 
著者: Navigating the soul of the Mavi Marmara : Muslim civil society in Turkey and its transnational role in Palestine
発行年月日: Abu-Hajiar, Iyas Salim
URL: 博士(グローバル社会研究)","2019-03-16 01:51 +0000","101.0","0.0","0.0","0.0","0.0","0.0","0.0","0.0","0.0","0.0","0.0","0","0","0","0","0","0","0","-","-","-","-","-","-","-","-","-","-","-","-","-","-","-","-","-","-"
"1106734670383726592","https://twitter.com/doshishauni_inf/status/1106734670383726592","【学位論文紹介】75
タイトル: 文化情報学研究科 
著者: Extensions of nonnegative matrix factorization for exploratory data analysis
発行年月日: Abe, Hiroyasu
URL: 博士(文化情報学)","2019-03-16 01:51 +0000","117.0","0.0","0.0","0.0","0.0","0.0","0.0","0.0","0.0","0.0","0.0","0","0","0","0","0","0","0","-","-","-","-","-","-","-","-","-","-","-","-","-","-","-","-","-","-"
"1106734651454844928","https://twitter.com/doshishauni_inf/status/1106734651454844928","【本日開催のイベント】
開催時期:02/26～03/24
第17回ハリス理化学館同志社ギャラリー企画展「考古学は地域に勇気を与える―森浩一の考古学２―」
https://t.co/SGLyi34kr9","2019-03-16 01:51 +0000","64.0","0.0","0.0","0.0","0.0","0.0","0.0","0.0","0.0","0.0","0.0","0","0","0","0","0","0","0","-","-","-","-","-","-","-","-","-","-","-","-","-","-","-","-","-","-"
"1106734639958257665","https://twitter.com/doshishauni_inf/status/1106734639958257665","同志社大学映画上映情報: 上映まで32日
《映画／批評月間～フランス映画の現在をめぐって～》クレール･ドゥニ特集
場所：寒梅館ハーディーホール
開催年月日：2019/04/17（水）
開催時間：
https://t.co/FUIo9pWGiZ","2019-03-16 01:51 +0000","2059.0","21.0","0.010199125789218067","2.0","0.0","4.0","4.0","11.0","0.0","0.0","0.0","0","0","0","0","0","0","0","-","-","-","-","-","-","-","-","-","-","-","-","-","-","-","-","-","-"
"1106446449875664896","https://twitter.com/doshishauni_inf/status/1106446449875664896","2019-3-13
新学術領域「共創言語進化」第3回全体会議において生命医科学研究科の村井翔太さん、板垣沙知さんによるポスター発表が最優秀賞を受賞しました。
https://t.co/0x0cWy4deJ","2019-03-15 06:46 +0000","149.0","0.0","0.0","0.0","0.0","0.0","0.0","0.0","0.0","0.0","0.0","0","0","0","0","0","0","0","-","-","-","-","-","-","-","-","-","-","-","-","-","-","-","-","-","-"
"1106446448747372544","https://twitter.com/doshishauni_inf/status/1106446448747372544","2019-3-13
文部科学省主催「第8回サイエンス・インカレ」において医情報学科1年生のチームが奨励表彰を受賞しました。
https://t.co/NjxAbgq2FE","2019-03-15 06:46 +0000","202.0","2.0","0.009900990099009901","0.0","0.0","0.0","0.0","2.0","0.0","0.0","0.0","0","0","0","0","0","0","0","-","-","-","-","-","-","-","-","-","-","-","-","-","-","-","-","-","-"
"1106446447690432512","https://twitter.com/doshishauni_inf/status/1106446447690432512","2019-3-13
経済学部 新関三希代ゼミが日経STOCKリーグで部門優秀賞を受賞
https://t.co/zkOQSIDgz4","2019-03-15 06:46 +0000","161.0","2.0","0.012422360248447204","0.0","0.0","0.0","1.0","1.0","0.0","0.0","0.0","0","0","0","0","0","0","0","-","-","-","-","-","-","-","-","-","-","-","-","-","-","-","-","-","-"
"1106446446633472001","https://twitter.com/doshishauni_inf/status/1106446446633472001","2019-3-13
同志社大学 2019年度 春学期入学式の取材について
https://t.co/yoUqZUhDs3","2019-03-15 06:46 +0000","145.0","11.0","0.07586206896551724","0.0","0.0","0.0","1.0","8.0","0.0","2.0","0.0","0","0","0","0","0","0","0","-","-","-","-","-","-","-","-","-","-","-","-","-","-","-","-","-","-"
"1106444820225024001","https://twitter.com/doshishauni_inf/status/1106444820225024001","2019-3-15
【本日の学術リポジトリアクセスランキング】
No.3 11アクセス
タイトル: 明治後期における紀行文の「進歩」とジャンルの自立性 : 小島烏水の理論と実践を中心に / 熊谷, 昭宏
URL: https://t.co/xXwFtRrKC4","2019-03-15 06:39 +0000","113.0","0.0","0.0","0.0","0.0","0.0","0.0","0.0","0.0","0.0","0.0","0","0","0","0","0","0","0","-","-","-","-","-","-","-","-","-","-","-","-","-","-","-","-","-","-"
"1106444818975121408","https://twitter.com/doshishauni_inf/status/1106444818975121408","2019-3-15
【本日の学術リポジトリアクセスランキング】
No.2 14アクセス
タイトル: Extensions of nonnegative matrix factorization for exploratory data analysis / Abe, Hiroyasu
URL: https://t.co/Pkbg5OdsbN","2019-03-15 06:39 +0000","80.0","0.0","0.0","0.0","0.0","0.0","0.0","0.0","0.0","0.0","0.0","0","0","0","0","0","0","0","-","-","-","-","-","-","-","-","-","-","-","-","-","-","-","-","-","-"
"1106444817855184897","https://twitter.com/doshishauni_inf/status/1106444817855184897","2019-3-15
【本日の学術リポジトリアクセスランキング】
No.1 16アクセス
タイトル: 継続する第二波フェミニズム理論 : リベラリズムとの対抗へ / 岡野, 八代
URL: https://t.co/xXuWzbSidQ","2019-03-15 06:39 +0000","743.0","14.0","0.018842530282637954","1.0","0.0","3.0","3.0","7.0","0.0","0.0","0.0","0","0","0","0","0","0","0","-","-","-","-","-","-","-","-","-","-","-","-","-","-","-","-","-","-"
"1106427746492674050","https://twitter.com/doshishauni_inf/status/1106427746492674050","学位論文紹介【文化情報学研究科】
タイトル: A study of refusal expressions in Asian languages : a comparison of occurrences in semantic formulas and levels of closeness 
著者: Candy
発行年月日: 2018-03-22
URL: https://t.co/yFON0c16aZ","2019-03-15 05:31 +0000","159.0","0.0","0.0","0.0","0.0","0.0","0.0","0.0","0.0","0.0","0.0","0","0","0","0","0","0","0","-","-","-","-","-","-","-","-","-","-","-","-","-","-","-","-","-","-"
"1106427745301479424","https://twitter.com/doshishauni_inf/status/1106427745301479424","学位論文紹介【グローバル・スタディーズ研究科】
タイトル: A cautionary tale: neoliberal discourse and the pedagogic function of the mediated Lost Japan narrative during the financial crisis 
著者: Bonnah, Theodore
発行年月日: 2016-03-21
URL: https://t.co/WKEfGoGSHp","2019-03-15 05:31 +0000","66.0","0.0","0.0","0.0","0.0","0.0","0.0","0.0","0.0","0.0","0.0","0","0","0","0","0","0","0","-","-","-","-","-","-","-","-","-","-","-","-","-","-","-","-","-","-"
"1106427743997059073","https://twitter.com/doshishauni_inf/status/1106427743997059073","学位論文紹介【総合政策科学研究科】
タイトル: Assessment of feed in tariff policy impacts for promoting wind and solar energy development in Japan 
著者: Al-Yaquob, Amin Hilal Ali
発行年月日: 2016-03-21
URL: https://t.co/4ATTfjyfDo","2019-03-15 05:31 +0000","107.0","0.0","0.0","0.0","0.0","0.0","0.0","0.0","0.0","0.0","0.0","0","0","0","0","0","0","0","-","-","-","-","-","-","-","-","-","-","-","-","-","-","-","-","-","-"
"1106427742805909504","https://twitter.com/doshishauni_inf/status/1106427742805909504","学位論文紹介【グローバル・スタディーズ研究科】
タイトル: Navigating the soul of the Mavi Marmara : Muslim civil society in Turkey and its transnational role in Palestine 
著者: Abu-Hajiar, Iyas Salim
発行年月日: 2015-03-21
URL: https://t.co/y6qSCDG2XU","2019-03-15 05:31 +0000","74.0","0.0","0.0","0.0","0.0","0.0","0.0","0.0","0.0","0.0","0.0","0","0","0","0","0","0","0","-","-","-","-","-","-","-","-","-","-","-","-","-","-","-","-","-","-"
"1106427741488861190","https://twitter.com/doshishauni_inf/status/1106427741488861190","学位論文紹介【文化情報学研究科】
タイトル: Extensions of nonnegative matrix factorization for exploratory data analysis 
著者: Abe, Hiroyasu
発行年月日: 2017-03-22
URL: https://t.co/7phXjl94Ba","2019-03-15 05:31 +0000","145.0","6.0","0.041379310344827586","0.0","0.0","0.0","0.0","2.0","0.0","4.0","0.0","0","0","0","0","0","0","0","-","-","-","-","-","-","-","-","-","-","-","-","-","-","-","-","-","-"
"1106346413162528768","https://twitter.com/doshishauni_inf/status/1106346413162528768","【本日開催のイベント】
開催時期:03/15
日文センター主催シンポジウム　『日本社会を生きるとは-ことばとオートノミーと社会的行為主体-』
https://t.co/rKa8CO8SRE","2019-03-15 00:08 +0000","85.0","0.0","0.0","0.0","0.0","0.0","0.0","0.0","0.0","0.0","0.0","0","0","0","0","0","0","0","-","-","-","-","-","-","-","-","-","-","-","-","-","-","-","-","-","-"
"1106346412130762752","https://twitter.com/doshishauni_inf/status/1106346412130762752","【本日開催のイベント】
開催時期:02/26～03/24
第17回ハリス理化学館同志社ギャラリー企画展「考古学は地域に勇気を与える―森浩一の考古学２―」
https://t.co/SGLyi34kr9","2019-03-15 00:08 +0000","64.0","0.0","0.0","0.0","0.0","0.0","0.0","0.0","0.0","0.0","0.0","0","0","0","0","0","0","0","-","-","-","-","-","-","-","-","-","-","-","-","-","-","-","-","-","-"
"1106346402978783232","https://twitter.com/doshishauni_inf/status/1106346402978783232","同志社大学映画上映情報: 上映まで33日
《映画／批評月間～フランス映画の現在をめぐって～》クレール･ドゥニ特集
場所：寒梅館ハーディーホール
開催年月日：2019/04/17（水）
開催時間：
https://t.co/FUIo9pWGiZ","2019-03-15 00:08 +0000","6580.0","95.0","0.014437689969604863","7.0","0.0","25.0","19.0","39.0","0.0","5.0","0.0","0","0","0","0","0","0","0","-","-","-","-","-","-","-","-","-","-","-","-","-","-","-","-","-","-"
"1106102619561291776","https://twitter.com/doshishauni_inf/status/1106102619561291776","2019-3-13
新学術領域「共創言語進化」第3回全体会議において生命医科学研究科の村井翔太さん、板垣沙知さんによるポスター発表が最優秀賞を受賞しました。
https://t.co/0x0cWy4deJ","2019-03-14 07:59 +0000","129.0","0.0","0.0","0.0","0.0","0.0","0.0","0.0","0.0","0.0","0.0","0","0","0","0","0","0","0","-","-","-","-","-","-","-","-","-","-","-","-","-","-","-","-","-","-"
"1106102618324033536","https://twitter.com/doshishauni_inf/status/1106102618324033536","2019-3-13
文部科学省主催「第8回サイエンス・インカレ」において医情報学科1年生のチームが奨励表彰を受賞しました。
https://t.co/NjxAbgq2FE","2019-03-14 07:59 +0000","165.0","0.0","0.0","0.0","0.0","0.0","0.0","0.0","0.0","0.0","0.0","0","0","0","0","0","0","0","-","-","-","-","-","-","-","-","-","-","-","-","-","-","-","-","-","-"
"1106102617183145984","https://twitter.com/doshishauni_inf/status/1106102617183145984","2019-3-13
経済学部 新関三希代ゼミが日経STOCKリーグで部門優秀賞を受賞
https://t.co/zkOQSIDgz4","2019-03-14 07:59 +0000","152.0","3.0","0.019736842105263157","0.0","0.0","0.0","1.0","2.0","0.0","0.0","0.0","0","0","0","0","0","0","0","-","-","-","-","-","-","-","-","-","-","-","-","-","-","-","-","-","-"
"1106102615845158912","https://twitter.com/doshishauni_inf/status/1106102615845158912","2019-3-13
同志社大学 2019年度 春学期入学式の取材について
https://t.co/yoUqZUhDs3","2019-03-14 07:59 +0000","113.0","5.0","0.04424778761061947","0.0","0.0","0.0","0.0","5.0","0.0","0.0","0.0","0","0","0","0","0","0","0","-","-","-","-","-","-","-","-","-","-","-","-","-","-","-","-","-","-"
"1106060848068362241","https://twitter.com/doshishauni_inf/status/1106060848068362241","2019-3-14
2019年4月・5月・6月の東京サテライト・キャンパス開室時間について
https://t.co/FRo0IoaZYM","2019-03-14 05:13 +0000","74.0","2.0","0.02702702702702703","0.0","0.0","0.0","2.0","0.0","0.0","0.0","0.0","0","0","0","0","0","0","0","-","-","-","-","-","-","-","-","-","-","-","-","-","-","-","-","-","-"
"1105981687408680960","https://twitter.com/doshishauni_inf/status/1105981687408680960","【本日開催のイベント】
開催時期:02/26～03/24
第17回ハリス理化学館同志社ギャラリー企画展「考古学は地域に勇気を与える―森浩一の考古学２―」
https://t.co/SGLyi34kr9","2019-03-13 23:59 +0000","66.0","1.0","0.015151515151515152","0.0","0.0","0.0","1.0","0.0","0.0","0.0","0.0","0","0","0","0","0","0","0","-","-","-","-","-","-","-","-","-","-","-","-","-","-","-","-","-","-"
"1105981674553135104","https://twitter.com/doshishauni_inf/status/1105981674553135104","同志社大学映画上映情報: 上映まで34日
《映画／批評月間～フランス映画の現在をめぐって～》クレール･ドゥニ特集
場所：寒梅館ハーディーホール
開催年月日：2019/04/17（水）
開催時間：
https://t.co/FUIo9pWGiZ","2019-03-13 23:59 +0000","90.0","0.0","0.0","0.0","0.0","0.0","0.0","0.0","0.0","0.0","0.0","0","0","0","0","0","0","0","-","-","-","-","-","-","-","-","-","-","-","-","-","-","-","-","-","-"
"1105748597776109568","https://twitter.com/doshishauni_inf/status/1105748597776109568","2019-3-13
経済学部 新関三希代ゼミが日経STOCKリーグで部門敢闘賞を受賞
https://t.co/zkOQSIDgz4","2019-03-13 08:33 +0000","152.0","4.0","0.02631578947368421","0.0","0.0","0.0","2.0","2.0","0.0","0.0","0.0","0","0","0","0","0","0","0","-","-","-","-","-","-","-","-","-","-","-","-","-","-","-","-","-","-"
"1105698531031961601","https://twitter.com/doshishauni_inf/status/1105698531031961601","2019-3-13
新学術領域「共創言語進化」第3回全体会議において生命医科学研究科の村井翔太さん、板垣沙知さんによるポスター発表が最優秀賞を受賞しました。
https://t.co/0x0cWy4deJ","2019-03-13 05:14 +0000","139.0","4.0","0.02877697841726619","0.0","0.0","0.0","3.0","1.0","0.0","0.0","0.0","0","0","0","0","0","0","0","-","-","-","-","-","-","-","-","-","-","-","-","-","-","-","-","-","-"
"1105698529865916416","https://twitter.com/doshishauni_inf/status/1105698529865916416","2019-3-13
文部科学省主催「第8回サイエンス・インカレ」において医情報学科1年生のチームが奨励表彰を受賞しました。
https://t.co/NjxAbgq2FE","2019-03-13 05:14 +0000","171.0","6.0","0.03508771929824561","0.0","0.0","0.0","1.0","5.0","0.0","0.0","0.0","0","0","0","0","0","0","0","-","-","-","-","-","-","-","-","-","-","-","-","-","-","-","-","-","-"
"1105641544051101697","https://twitter.com/doshishauni_inf/status/1105641544051101697","【本日開催のイベント】
開催時期:02/26～03/24
第17回ハリス理化学館同志社ギャラリー企画展「考古学は地域に勇気を与える―森浩一の考古学２―」
https://t.co/SGLyi34kr9","2019-03-13 01:27 +0000","52.0","0.0","0.0","0.0","0.0","0.0","0.0","0.0","0.0","0.0","0.0","0","0","0","0","0","0","0","-","-","-","-","-","-","-","-","-","-","-","-","-","-","-","-","-","-"
"1105641534618124288","https://twitter.com/doshishauni_inf/status/1105641534618124288","同志社大学映画上映情報: 上映まで35日
《映画／批評月間～フランス映画の現在をめぐって～》クレール･ドゥニ特集
場所：寒梅館ハーディーホール
開催年月日：2019/04/17（水）
開催時間：
https://t.co/FUIo9pWGiZ","2019-03-13 01:27 +0000","100.0","1.0","0.01","0.0","0.0","0.0","0.0","1.0","0.0","0.0","0.0","0","0","0","0","0","0","0","-","-","-","-","-","-","-","-","-","-","-","-","-","-","-","-","-","-"
"1105384779732594688","https://twitter.com/doshishauni_inf/status/1105384779732594688","2019-3-12
「D-egg（同志社大学連携型起業家育成施設）」入居者の募集について
https://t.co/B4lk8KWVUr","2019-03-12 08:27 +0000","59.0","4.0","0.06779661016949153","0.0","0.0","0.0","0.0","3.0","0.0","0.0","0.0","0","0","1","0","0","0","0","-","-","-","-","-","-","-","-","-","-","-","-","-","-","-","-","-","-"
"1105007319643873281","https://twitter.com/doshishauni_inf/status/1105007319643873281","2019-3-11
2019年度春学期学生納付金（学費・諸費）振込依頼書の発送について
https://t.co/8rHbN9Jrrr","2019-03-11 07:27 +0000","90.0","5.0","0.05555555555555555","0.0","0.0","0.0","0.0","5.0","0.0","0.0","0.0","0","0","0","0","0","0","0","-","-","-","-","-","-","-","-","-","-","-","-","-","-","-","-","-","-"
"1104901430949756928","https://twitter.com/doshishauni_inf/status/1104901430949756928","【本日開催のイベント】
開催時期:02/26～03/24
第17回ハリス理化学館同志社ギャラリー企画展「考古学は地域に勇気を与える―森浩一の考古学２―」
https://t.co/SGLyi34kr9","2019-03-11 00:26 +0000","70.0","0.0","0.0","0.0","0.0","0.0","0.0","0.0","0.0","0.0","0.0","0","0","0","0","0","0","0","-","-","-","-","-","-","-","-","-","-","-","-","-","-","-","-","-","-"
"1104901418551394304","https://twitter.com/doshishauni_inf/status/1104901418551394304","同志社大学映画上映情報: 上映まで37日
《映画／批評月間～フランス映画の現在をめぐって～》クレール･ドゥニ特集
場所：寒梅館ハーディーホール
開催年月日：2019/04/17（水）
開催時間：
https://t.co/FUIo9pWGiZ","2019-03-11 00:26 +0000","157.0","1.0","0.006369426751592357","0.0","0.0","1.0","0.0","0.0","0.0","0.0","0.0","0","0","0","0","0","0","0","-","-","-","-","-","-","-","-","-","-","-","-","-","-","-","-","-","-"
"1104536989955706880","https://twitter.com/doshishauni_inf/status/1104536989955706880","【本日開催のイベント】
開催時期:03/05～03/10
【3/5-3/10】同志社大学書道部卒部展「一里塚」
https://t.co/GHzEKj1KTR","2019-03-10 00:18 +0000","89.0","4.0","0.0449438202247191","0.0","0.0","0.0","0.0","4.0","0.0","0.0","0.0","0","0","0","0","0","0","0","-","-","-","-","-","-","-","-","-","-","-","-","-","-","-","-","-","-"
"1104536988688904198","https://twitter.com/doshishauni_inf/status/1104536988688904198","【本日開催のイベント】
開催時期:02/26～03/24
第17回ハリス理化学館同志社ギャラリー企画展「考古学は地域に勇気を与える―森浩一の考古学２―」
https://t.co/SGLyi34kr9","2019-03-10 00:18 +0000","67.0","1.0","0.014925373134328358","0.0","0.0","0.0","1.0","0.0","0.0","0.0","0.0","0","0","0","0","0","0","0","-","-","-","-","-","-","-","-","-","-","-","-","-","-","-","-","-","-"
"1104536979117531136","https://twitter.com/doshishauni_inf/status/1104536979117531136","同志社大学映画上映情報: 上映まで38日
《映画／批評月間～フランス映画の現在をめぐって～》クレール･ドゥニ特集
場所：寒梅館ハーディーホール
開催年月日：2019/04/17（水）
開催時間：
https://t.co/FUIo9pWGiZ","2019-03-10 00:18 +0000","146.0","3.0","0.02054794520547945","0.0","0.0","2.0","0.0","1.0","0.0","0.0","0.0","0","0","0","0","0","0","0","-","-","-","-","-","-","-","-","-","-","-","-","-","-","-","-","-","-"
"1104186980173139968","https://twitter.com/doshishauni_inf/status/1104186980173139968","【本日開催のイベント】
開催時期:03/05～03/10
【3/5-3/10】同志社大学書道部卒部展「一里塚」
https://t.co/GHzEKiK9vh","2019-03-09 01:07 +0000","109.0","4.0","0.03669724770642202","0.0","0.0","0.0","1.0","3.0","0.0","0.0","0.0","0","0","0","0","0","0","0","-","-","-","-","-","-","-","-","-","-","-","-","-","-","-","-","-","-"
"1104186978923307010","https://twitter.com/doshishauni_inf/status/1104186978923307010","【本日開催のイベント】
開催時期:02/26～03/24
第17回ハリス理化学館同志社ギャラリー企画展「考古学は地域に勇気を与える―森浩一の考古学２―」
https://t.co/SGLyi34kr9","2019-03-09 01:07 +0000","90.0","0.0","0.0","0.0","0.0","0.0","0.0","0.0","0.0","0.0","0.0","0","0","0","0","0","0","0","-","-","-","-","-","-","-","-","-","-","-","-","-","-","-","-","-","-"
"1104186968655577088","https://twitter.com/doshishauni_inf/status/1104186968655577088","同志社大学映画上映情報: 上映まで39日
《映画／批評月間～フランス映画の現在をめぐって～》クレール･ドゥニ特集
場所：寒梅館ハーディーホール
開催年月日：2019/04/17（水）
開催時間：
https://t.co/FUIo9pWGiZ","2019-03-09 01:07 +0000","2983.0","50.0","0.016761649346295676","6.0","0.0","9.0","12.0","19.0","0.0","4.0","0.0","0","0","0","0","0","0","0","-","-","-","-","-","-","-","-","-","-","-","-","-","-","-","-","-","-"
"1103917166909284353","https://twitter.com/doshishauni_inf/status/1103917166909284353","2019-3-8
2019年度春学期\u学費延納・分納願受付について（Payment Deadline Extension, Payment in installments）
https://t.co/AuSaA3xNU4","2019-03-08 07:15 +0000","109.0","2.0","0.01834862385321101","0.0","0.0","0.0","0.0","2.0","0.0","0.0","0.0","0","0","0","0","0","0","0","-","-","-","-","-","-","-","-","-","-","-","-","-","-","-","-","-","-"
"1103917165235777537","https://twitter.com/doshishauni_inf/status/1103917165235777537","2019-3-8
【応募受付終了】カールトン大学短期プログラム\u交流サポーター募集！
https://t.co/DF4GfrkQJi","2019-03-08 07:15 +0000","68.0","0.0","0.0","0.0","0.0","0.0","0.0","0.0","0.0","0.0","0.0","0","0","0","0","0","0","0","-","-","-","-","-","-","-","-","-","-","-","-","-","-","-","-","-","-"
"1103826758313209857","https://twitter.com/doshishauni_inf/status/1103826758313209857","【本日開催のイベント】
開催時期:03/05～03/10
【3/5-3/10】同志社大学書道部卒部展「一里塚」
https://t.co/GHzEKiK9vh","2019-03-08 01:16 +0000","98.0","0.0","0.0","0.0","0.0","0.0","0.0","0.0","0.0","0.0","0.0","0","0","0","0","0","0","0","-","-","-","-","-","-","-","-","-","-","-","-","-","-","-","-","-","-"
"1103826757205942272","https://twitter.com/doshishauni_inf/status/1103826757205942272","【本日開催のイベント】
開催時期:02/26～03/24
第17回ハリス理化学館同志社ギャラリー企画展「考古学は地域に勇気を与える―森浩一の考古学２―」
https://t.co/SGLyi34kr9","2019-03-08 01:16 +0000","89.0","0.0","0.0","0.0","0.0","0.0","0.0","0.0","0.0","0.0","0.0","0","0","0","0","0","0","0","-","-","-","-","-","-","-","-","-","-","-","-","-","-","-","-","-","-"
"1103826742878195714","https://twitter.com/doshishauni_inf/status/1103826742878195714","同志社大学映画上映情報: 上映まで40日
《映画／批評月間～フランス映画の現在をめぐって～》クレール･ドゥニ特集
場所：寒梅館ハーディーホール
開催年月日：2019/04/17（水）
開催時間：
https://t.co/FUIo9pWGiZ","2019-03-08 01:16 +0000","136.0","7.0","0.051470588235294115","0.0","0.0","1.0","0.0","2.0","0.0","4.0","0.0","0","0","0","0","0","0","0","-","-","-","-","-","-","-","-","-","-","-","-","-","-","-","-","-","-"
"1103553695705325568","https://twitter.com/doshishauni_inf/status/1103553695705325568","2019-3-7
理工学部の古野彩季子さんが第21回化学工学会学生発表会（京都大会）で優秀賞を受賞しました
https://t.co/T4Uwdh3IAK","2019-03-07 07:11 +0000","219.0","3.0","0.0136986301369863","0.0","0.0","1.0","0.0","2.0","0.0","0.0","0.0","0","0","0","0","0","0","0","-","-","-","-","-","-","-","-","-","-","-","-","-","-","-","-","-","-"
"1103440714669613057","https://twitter.com/doshishauni_inf/status/1103440714669613057","【本日開催のイベント】
開催時期:03/05～03/10
【3/5-3/10】同志社大学書道部卒部展「一里塚」
https://t.co/GHzEKiK9vh","2019-03-06 23:42 +0000","74.0","1.0","0.013513513513513514","0.0","0.0","0.0","0.0","1.0","0.0","0.0","0.0","0","0","0","0","0","0","0","-","-","-","-","-","-","-","-","-","-","-","-","-","-","-","-","-","-"
"1103440713532858368","https://twitter.com/doshishauni_inf/status/1103440713532858368","【本日開催のイベント】
開催時期:02/26～03/24
第17回ハリス理化学館同志社ギャラリー企画展「考古学は地域に勇気を与える―森浩一の考古学２―」
https://t.co/SGLyi34kr9","2019-03-06 23:42 +0000","68.0","0.0","0.0","0.0","0.0","0.0","0.0","0.0","0.0","0.0","0.0","0","0","0","0","0","0","0","-","-","-","-","-","-","-","-","-","-","-","-","-","-","-","-","-","-"
"1103440701428162560","https://twitter.com/doshishauni_inf/status/1103440701428162560","同志社大学映画上映情報: 上映まで41日
《映画／批評月間～フランス映画の現在をめぐって～》クレール･ドゥニ特集
場所：寒梅館ハーディーホール
開催年月日：2019/04/17（水）
開催時間：
https://t.co/FUIo9pWGiZ","2019-03-06 23:42 +0000","2451.0","35.0","0.014279885760913913","1.0","0.0","5.0","8.0","18.0","0.0","3.0","0.0","0","0","0","0","0","0","0","-","-","-","-","-","-","-","-","-","-","-","-","-","-","-","-","-","-"
"1103095011887898624","https://twitter.com/doshishauni_inf/status/1103095011887898624","【本日開催のイベント】
開催時期:03/05～03/10
【3/5-3/10】同志社大学書道部卒部展「一里塚」
https://t.co/GHzEKiK9vh","2019-03-06 00:48 +0000","84.0","1.0","0.011904761904761904","0.0","0.0","0.0","0.0","1.0","0.0","0.0","0.0","0","0","0","0","0","0","0","-","-","-","-","-","-","-","-","-","-","-","-","-","-","-","-","-","-"
"1103095010772148224","https://twitter.com/doshishauni_inf/status/1103095010772148224","【本日開催のイベント】
開催時期:02/26～03/24
第17回ハリス理化学館同志社ギャラリー企画展「考古学は地域に勇気を与える―森浩一の考古学２―」
https://t.co/SGLyi34kr9","2019-03-06 00:48 +0000","77.0","0.0","0.0","0.0","0.0","0.0","0.0","0.0","0.0","0.0","0.0","0","0","0","0","0","0","0","-","-","-","-","-","-","-","-","-","-","-","-","-","-","-","-","-","-"
"1103095000957542401","https://twitter.com/doshishauni_inf/status/1103095000957542401","同志社大学映画上映情報: 上映まで42日
《映画／批評月間～フランス映画の現在をめぐって～》クレール･ドゥニ特集
場所：寒梅館ハーディーホール
開催年月日：2019/04/17（水）
開催時間：
https://t.co/FUIo9pWGiZ","2019-03-06 00:48 +0000","113.0","0.0","0.0","0.0","0.0","0.0","0.0","0.0","0.0","0.0","0.0","0","0","0","0","0","0","0","-","-","-","-","-","-","-","-","-","-","-","-","-","-","-","-","-","-"
"1102746510461038592","https://twitter.com/doshishauni_inf/status/1102746510461038592","【本日開催のイベント】
開催時期:03/05
【3/5開催】スキルアップ講座Vol.4　新メンバーを引きこむ団体づくり参加者募集
https://t.co/SMW07M9f8F","2019-03-05 01:43 +0000","50.0","0.0","0.0","0.0","0.0","0.0","0.0","0.0","0.0","0.0","0.0","0","0","0","0","0","0","0","-","-","-","-","-","-","-","-","-","-","-","-","-","-","-","-","-","-"
"1102746509299220481","https://twitter.com/doshishauni_inf/status/1102746509299220481","【本日開催のイベント】
開催時期:03/05～03/10
【3/5-3/10】同志社大学書道部卒部展「一里塚」
https://t.co/GHzEKiK9vh","2019-03-05 01:43 +0000","59.0","1.0","0.01694915254237288","0.0","0.0","0.0","1.0","0.0","0.0","0.0","0.0","0","0","0","0","0","0","0","-","-","-","-","-","-","-","-","-","-","-","-","-","-","-","-","-","-"
"1102746508120612864","https://twitter.com/doshishauni_inf/status/1102746508120612864","【本日開催のイベント】
開催時期:02/26～03/24
第17回ハリス理化学館同志社ギャラリー企画展「考古学は地域に勇気を与える―森浩一の考古学２―」
https://t.co/SGLyi34kr9","2019-03-05 01:43 +0000","58.0","0.0","0.0","0.0","0.0","0.0","0.0","0.0","0.0","0.0","0.0","0","0","0","0","0","0","0","-","-","-","-","-","-","-","-","-","-","-","-","-","-","-","-","-","-"
"1102388457391849472","https://twitter.com/doshishauni_inf/status/1102388457391849472","【本日開催のイベント】
開催時期:03/04
第6回「新ビジネス」フォーラム ～健康未来への扉を開くスポーツ・エクササイズのポテンシャル～ 開催について
https://t.co/XHtjBpfmyO","2019-03-04 02:01 +0000","61.0","1.0","0.01639344262295082","0.0","0.0","0.0","0.0","1.0","0.0","0.0","0.0","0","0","0","0","0","0","0","-","-","-","-","-","-","-","-","-","-","-","-","-","-","-","-","-","-"
"1102388456355815424","https://twitter.com/doshishauni_inf/status/1102388456355815424","【本日開催のイベント】
開催時期:02/26～03/24
第17回ハリス理化学館同志社ギャラリー企画展「考古学は地域に勇気を与える―森浩一の考古学２―」
https://t.co/SGLyi34kr9","2019-03-04 02:01 +0000","60.0","0.0","0.0","0.0","0.0","0.0","0.0","0.0","0.0","0.0","0.0","0","0","0","0","0","0","0","-","-","-","-","-","-","-","-","-","-","-","-","-","-","-","-","-","-"
"1102015142319972353","https://twitter.com/doshishauni_inf/status/1102015142319972353","【本日開催のイベント】
開催時期:02/26～03/24
第17回ハリス理化学館同志社ギャラリー企画展「考古学は地域に勇気を与える―森浩一の考古学２―」
https://t.co/SGLyi34kr9","2019-03-03 01:17 +0000","168.0","2.0","0.011904761904761904","1.0","0.0","0.0","1.0","0.0","0.0","0.0","0.0","0","0","0","0","0","0","0","-","-","-","-","-","-","-","-","-","-","-","-","-","-","-","-","-","-"
"1101692686312955905","https://twitter.com/doshishauni_inf/status/1101692686312955905","【本日開催のイベント】
開催時期:03/02
ナノ繊維・粒子添加複合材料研究に関する若手研究者・学生セッション2019開催－ご案内と募集－
https://t.co/PhnUEoNbHc","2019-03-02 03:56 +0000","85.0","0.0","0.0","0.0","0.0","0.0","0.0","0.0","0.0","0.0","0.0","0","0","0","0","0","0","0","-","-","-","-","-","-","-","-","-","-","-","-","-","-","-","-","-","-"
"1101692685130186753","https://twitter.com/doshishauni_inf/status/1101692685130186753","【本日開催のイベント】
開催時期:03/02
一神教学際研究センター　公開講演会「ピラミッドと神殿」　開催のお知らせ
https://t.co/7oaO1GxLQ7","2019-03-02 03:56 +0000","89.0","0.0","0.0","0.0","0.0","0.0","0.0","0.0","0.0","0.0","0.0","0","0","0","0","0","0","0","-","-","-","-","-","-","-","-","-","-","-","-","-","-","-","-","-","-"
"1101692683989348352","https://twitter.com/doshishauni_inf/status/1101692683989348352","【本日開催のイベント】
開催時期:02/26～03/24
第17回ハリス理化学館同志社ギャラリー企画展「考古学は地域に勇気を与える―森浩一の考古学２―」
https://t.co/SGLyi34kr9","2019-03-02 03:56 +0000","81.0","2.0","0.024691358024691357","0.0","0.0","0.0","0.0","2.0","0.0","0.0","0.0","0","0","0","0","0","0","0","-","-","-","-","-","-","-","-","-","-","-","-","-","-","-","-","-","-"
"1101407161232457728","https://twitter.com/doshishauni_inf/status/1101407161232457728","2019-3-1
2019年度免許資格登録関係日程を公開しました
https://t.co/CdCtMwrh0e","2019-03-01 09:01 +0000","65.0","1.0","0.015384615384615385","0.0","0.0","0.0","0.0","1.0","0.0","0.0","0.0","0","0","0","0","0","0","0","-","-","-","-","-","-","-","-","-","-","-","-","-","-","-","-","-","-"
"1101407160058040320","https://twitter.com/doshishauni_inf/status/1101407160058040320","2019-3-1
各種団体からの「研究助成募集一覧」を更新しました
https://t.co/gQG4HGylx0","2019-03-01 09:01 +0000","69.0","0.0","0.0","0.0","0.0","0.0","0.0","0.0","0.0","0.0","0.0","0","0","0","0","0","0","0","-","-","-","-","-","-","-","-","-","-","-","-","-","-","-","-","-","-"
"1101245565256359936","https://twitter.com/doshishauni_inf/status/1101245565256359936","【本日開催のイベント】
開催時期:03/01
大学連携型 5BI 合同 ビジネスマッチング＆交流会
https://t.co/H3J3A6LNU3","2019-02-28 22:19 +0000","50.0","0.0","0.0","0.0","0.0","0.0","0.0","0.0","0.0","0.0","0.0","0","0","0","0","0","0","0","-","-","-","-","-","-","-","-","-","-","-","-","-","-","-","-","-","-"
"1101245563910029313","https://twitter.com/doshishauni_inf/status/1101245563910029313","【本日開催のイベント】
開催時期:02/26～03/24
第17回ハリス理化学館同志社ギャラリー企画展「考古学は地域に勇気を与える―森浩一の考古学２―」
https://t.co/SGLyi34kr9","2019-02-28 22:19 +0000","66.0","0.0","0.0","0.0","0.0","0.0","0.0","0.0","0.0","0.0","0.0","0","0","0","0","0","0","0","-","-","-","-","-","-","-","-","-","-","-","-","-","-","-","-","-","-"
"1100922797918842880","https://twitter.com/doshishauni_inf/status/1100922797918842880","【本日開催のイベント】
開催時期:02/28
同志社大学赤ちゃん学研究センター定期セミナー（第14回）を開催します
https://t.co/SCcUsAgkix","2019-02-28 00:57 +0000","112.0","3.0","0.026785714285714284","0.0","0.0","1.0","1.0","1.0","0.0","0.0","0.0","0","0","0","0","0","0","0","-","-","-","-","-","-","-","-","-","-","-","-","-","-","-","-","-","-"
"1100922796815704065","https://twitter.com/doshishauni_inf/status/1100922796815704065","【本日開催のイベント】
開催時期:02/26～03/24
第17回ハリス理化学館同志社ギャラリー企画展「考古学は地域に勇気を与える―森浩一の考古学２―」
https://t.co/SGLyi34kr9","2019-02-28 00:57 +0000","76.0","0.0","0.0","0.0","0.0","0.0","0.0","0.0","0.0","0.0","0.0","0","0","0","0","0","0","0","-","-","-","-","-","-","-","-","-","-","-","-","-","-","-","-","-","-"
"1100668608806477824","https://twitter.com/doshishauni_inf/status/1100668608806477824","2019-2-27
2019年度TOEFL ITP®テスト年間スケジュール確定
https://t.co/QjcLNYf058","2019-02-27 08:07 +0000","119.0","4.0","0.03361344537815126","0.0","0.0","0.0","3.0","1.0","0.0","0.0","0.0","0","0","0","0","0","0","0","-","-","-","-","-","-","-","-","-","-","-","-","-","-","-","-","-","-"
"1100570481420230656","https://twitter.com/doshishauni_inf/status/1100570481420230656","【本日開催のイベント】
開催時期:02/27
司法研究科 森田 章 教授 退職記念講演会のご案内
https://t.co/GCJpVuhJOL","2019-02-27 01:37 +0000","149.0","1.0","0.006711409395973154","0.0","0.0","0.0","0.0","1.0","0.0","0.0","0.0","0","0","0","0","0","0","0","-","-","-","-","-","-","-","-","-","-","-","-","-","-","-","-","-","-"
"1100570480380006400","https://twitter.com/doshishauni_inf/status/1100570480380006400","【本日開催のイベント】
開催時期:02/26～03/24
第17回ハリス理化学館同志社ギャラリー企画展「考古学は地域に勇気を与える―森浩一の考古学２―」
https://t.co/SGLyi34kr9","2019-02-27 01:37 +0000","74.0","1.0","0.013513513513513514","0.0","0.0","0.0","1.0","0.0","0.0","0.0","0.0","0","0","0","0","0","0","0","-","-","-","-","-","-","-","-","-","-","-","-","-","-","-","-","-","-"
"1100331845483323392","https://twitter.com/doshishauni_inf/status/1100331845483323392","2019-2-26
2019年度\u保健センター医療費他の変更について
https://t.co/BXlkhpfrtS","2019-02-26 09:48 +0000","92.0","2.0","0.021739130434782608","0.0","0.0","1.0","1.0","0.0","0.0","0.0","0.0","0","0","0","0","0","0","0","-","-","-","-","-","-","-","-","-","-","-","-","-","-","-","-","-","-"
"1100331844317265920","https://twitter.com/doshishauni_inf/status/1100331844317265920","2019-2-26
文部科学省平成30年度「私立大学研究ブランディング事業」に採択されました
https://t.co/vs4PAypzcq","2019-02-26 09:48 +0000","194.0","4.0","0.020618556701030927","0.0","0.0","0.0","0.0","4.0","0.0","0.0","0.0","0","0","0","0","0","0","0","-","-","-","-","-","-","-","-","-","-","-","-","-","-","-","-","-","-"
